"","Cell","Batch","Group","ExpLibSize"
"Cell1","Cell1","Batch1","Group1",49062.0084209877
"Cell2","Cell2","Batch1","Group2",48630.6364662585
"Cell3","Cell3","Batch1","Group1",59659.2180901822
"Cell4","Cell4","Batch1","Group2",58312.1043999509
"Cell5","Cell5","Batch1","Group3",35958.8836917854
"Cell6","Cell6","Batch1","Group1",73726.2870625022
"Cell7","Cell7","Batch1","Group1",62940.5020478619
"Cell8","Cell8","Batch1","Group2",97075.2252171538
"Cell9","Cell9","Batch1","Group1",68668.0735585331
"Cell10","Cell10","Batch1","Group1",54754.1332624639
"Cell11","Cell11","Batch1","Group3",104765.335643335
"Cell12","Cell12","Batch1","Group1",105497.781662674
"Cell13","Cell13","Batch1","Group1",46922.7371099185
"Cell14","Cell14","Batch1","Group1",65762.5884606194
"Cell15","Cell15","Batch1","Group1",57397.1894184554
"Cell16","Cell16","Batch1","Group2",62156.4721638915
"Cell17","Cell17","Batch1","Group1",62661.8786506289
"Cell18","Cell18","Batch1","Group1",46519.1766402042
"Cell19","Cell19","Batch1","Group1",63393.5826993096
"Cell20","Cell20","Batch1","Group3",84952.6628443613
"Cell21","Cell21","Batch1","Group2",57941.0851017723
"Cell22","Cell22","Batch1","Group1",57954.5671668701
"Cell23","Cell23","Batch1","Group1",79198.6396301094
"Cell24","Cell24","Batch1","Group3",71659.3734992548
"Cell25","Cell25","Batch1","Group1",43057.9015394903
"Cell26","Cell26","Batch1","Group2",62674.5908354916
"Cell27","Cell27","Batch1","Group1",83342.128694057
"Cell28","Cell28","Batch1","Group1",79463.6743642386
"Cell29","Cell29","Batch1","Group1",65120.2162043868
"Cell30","Cell30","Batch1","Group1",69164.5800392565
"Cell31","Cell31","Batch1","Group3",47127.5463650562
"Cell32","Cell32","Batch1","Group3",63578.2248019748
"Cell33","Cell33","Batch1","Group1",49469.4315306677
"Cell34","Cell34","Batch1","Group2",54633.1645339019
"Cell35","Cell35","Batch1","Group1",72194.6149382085
"Cell36","Cell36","Batch1","Group1",47696.8853291545
"Cell37","Cell37","Batch1","Group2",63157.2956607037
"Cell38","Cell38","Batch1","Group1",65229.4548819625
"Cell39","Cell39","Batch1","Group1",60535.3271820312
"Cell40","Cell40","Batch1","Group1",86201.0609315875
"Cell41","Cell41","Batch1","Group1",48802.1932405375
"Cell42","Cell42","Batch1","Group1",67590.7252576171
"Cell43","Cell43","Batch1","Group1",58818.62800432
"Cell44","Cell44","Batch1","Group1",56830.79090532
"Cell45","Cell45","Batch1","Group1",65697.6376214368
"Cell46","Cell46","Batch1","Group1",48821.1979557695
"Cell47","Cell47","Batch1","Group1",46042.0236802114
"Cell48","Cell48","Batch1","Group1",54236.1980334135
"Cell49","Cell49","Batch1","Group1",84995.316159738
"Cell50","Cell50","Batch1","Group2",60545.653025789
"Cell51","Cell51","Batch1","Group1",63977.5090602608
"Cell52","Cell52","Batch1","Group1",57643.3790913577
"Cell53","Cell53","Batch1","Group2",65781.8041496276
"Cell54","Cell54","Batch1","Group1",49496.8391714914
"Cell55","Cell55","Batch1","Group1",75476.9124655321
"Cell56","Cell56","Batch1","Group1",67301.7186227035
"Cell57","Cell57","Batch1","Group1",50955.574072397
"Cell58","Cell58","Batch1","Group2",60530.9842425485
"Cell59","Cell59","Batch1","Group2",69096.9813732909
"Cell60","Cell60","Batch1","Group1",66939.6131980742
"Cell61","Cell61","Batch1","Group1",80530.1399923291
"Cell62","Cell62","Batch1","Group1",52965.839607328
"Cell63","Cell63","Batch1","Group1",74848.9471111907
"Cell64","Cell64","Batch1","Group1",73666.9547154227
"Cell65","Cell65","Batch1","Group2",57959.7088783628
"Cell66","Cell66","Batch1","Group1",49257.3887848427
"Cell67","Cell67","Batch1","Group2",48154.5525375426
"Cell68","Cell68","Batch1","Group2",65614.8546142896
"Cell69","Cell69","Batch1","Group2",59028.4407443886
"Cell70","Cell70","Batch1","Group1",85461.4378058574
"Cell71","Cell71","Batch1","Group2",66637.8219244227
"Cell72","Cell72","Batch1","Group1",55581.7964674957
"Cell73","Cell73","Batch1","Group2",48771.0193815136
"Cell74","Cell74","Batch1","Group1",53290.8361153682
"Cell75","Cell75","Batch1","Group1",64124.2366673659
"Cell76","Cell76","Batch1","Group1",54710.6173254528
"Cell77","Cell77","Batch1","Group1",66359.7531241223
"Cell78","Cell78","Batch1","Group1",56001.4235296233
"Cell79","Cell79","Batch1","Group1",58623.3299436622
"Cell80","Cell80","Batch1","Group1",51735.4268879083
"Cell81","Cell81","Batch1","Group1",87641.3955266984
"Cell82","Cell82","Batch1","Group1",63992.7033889186
"Cell83","Cell83","Batch1","Group1",62700.6270958616
"Cell84","Cell84","Batch1","Group2",42686.052948587
"Cell85","Cell85","Batch1","Group1",68320.0376748978
"Cell86","Cell86","Batch1","Group1",48789.7379698212
"Cell87","Cell87","Batch1","Group3",50095.9620053522
"Cell88","Cell88","Batch1","Group2",71945.7926229212
"Cell89","Cell89","Batch1","Group2",54691.2969535918
"Cell90","Cell90","Batch1","Group1",42206.3323308081
"Cell91","Cell91","Batch1","Group1",85304.3579602078
"Cell92","Cell92","Batch1","Group1",37216.9140214131
"Cell93","Cell93","Batch1","Group1",67141.8151838371
"Cell94","Cell94","Batch1","Group1",73383.1665553042
"Cell95","Cell95","Batch1","Group1",52775.7153146314
"Cell96","Cell96","Batch1","Group1",65437.9346811237
"Cell97","Cell97","Batch1","Group2",65370.4811949781
"Cell98","Cell98","Batch1","Group1",73727.0198640791
"Cell99","Cell99","Batch1","Group1",65961.0620250331
"Cell100","Cell100","Batch1","Group1",57012.3530881866
"Cell101","Cell101","Batch1","Group1",71911.9988015727
"Cell102","Cell102","Batch1","Group1",70271.7024600437
"Cell103","Cell103","Batch1","Group1",49646.6499147082
"Cell104","Cell104","Batch1","Group3",45244.7768257702
"Cell105","Cell105","Batch1","Group1",61824.5310968057
"Cell106","Cell106","Batch1","Group2",56681.7475416422
"Cell107","Cell107","Batch1","Group3",49162.7832135636
"Cell108","Cell108","Batch1","Group1",60887.6800925958
"Cell109","Cell109","Batch1","Group1",45981.7884905855
"Cell110","Cell110","Batch1","Group1",61836.2641731708
"Cell111","Cell111","Batch1","Group3",52839.5013964694
"Cell112","Cell112","Batch1","Group1",72506.5988149781
"Cell113","Cell113","Batch1","Group1",97236.1493530141
"Cell114","Cell114","Batch1","Group3",49851.5142602503
"Cell115","Cell115","Batch1","Group2",73978.7252469659
"Cell116","Cell116","Batch1","Group1",70617.265369102
"Cell117","Cell117","Batch1","Group1",59039.4506863999
"Cell118","Cell118","Batch1","Group3",54680.9533186071
"Cell119","Cell119","Batch1","Group1",82048.1493707524
"Cell120","Cell120","Batch1","Group1",40091.0516032045
"Cell121","Cell121","Batch1","Group1",52646.8160411503
"Cell122","Cell122","Batch1","Group1",44919.6811776611
"Cell123","Cell123","Batch1","Group1",79147.0416245853
"Cell124","Cell124","Batch1","Group1",57633.5022262059
"Cell125","Cell125","Batch1","Group1",53909.7030462274
"Cell126","Cell126","Batch1","Group3",113188.391942237
"Cell127","Cell127","Batch1","Group1",59277.9422166212
"Cell128","Cell128","Batch1","Group1",54789.2966704473
"Cell129","Cell129","Batch1","Group1",63574.8385029791
"Cell130","Cell130","Batch1","Group1",43752.9831544676
"Cell131","Cell131","Batch1","Group1",66042.9474640159
"Cell132","Cell132","Batch1","Group2",58733.6067944847
"Cell133","Cell133","Batch1","Group1",65755.922662877
"Cell134","Cell134","Batch1","Group2",49193.9473126735
"Cell135","Cell135","Batch1","Group1",48795.9809842895
"Cell136","Cell136","Batch1","Group1",52120.6794462724
"Cell137","Cell137","Batch1","Group2",51349.0690342096
"Cell138","Cell138","Batch1","Group2",77637.822698545
"Cell139","Cell139","Batch1","Group3",82111.1513264744
"Cell140","Cell140","Batch1","Group1",58024.5577496155
"Cell141","Cell141","Batch1","Group1",55726.5898362544
"Cell142","Cell142","Batch1","Group1",56060.8077853973
"Cell143","Cell143","Batch1","Group1",60709.0036020309
"Cell144","Cell144","Batch1","Group1",61045.8711572672
"Cell145","Cell145","Batch1","Group2",63449.9622098625
"Cell146","Cell146","Batch1","Group1",51568.3923171981
"Cell147","Cell147","Batch1","Group1",50545.0715034225
"Cell148","Cell148","Batch1","Group1",76070.4780830335
"Cell149","Cell149","Batch1","Group1",53652.0269202923
"Cell150","Cell150","Batch1","Group2",63615.290623774
"Cell151","Cell151","Batch1","Group2",59195.8012330464
"Cell152","Cell152","Batch1","Group1",49435.7992339025
"Cell153","Cell153","Batch1","Group1",67387.335717722
"Cell154","Cell154","Batch1","Group1",61983.3434994366
"Cell155","Cell155","Batch1","Group1",79217.8294070128
"Cell156","Cell156","Batch1","Group1",61297.3515907798
"Cell157","Cell157","Batch1","Group1",56032.70675144
"Cell158","Cell158","Batch1","Group1",63301.1631183593
"Cell159","Cell159","Batch1","Group1",47234.5866006024
"Cell160","Cell160","Batch1","Group1",50656.4167304175
"Cell161","Cell161","Batch1","Group1",66307.2585270787
"Cell162","Cell162","Batch1","Group1",56015.0576261548
"Cell163","Cell163","Batch1","Group1",59089.4579338589
"Cell164","Cell164","Batch1","Group1",58510.1579382062
"Cell165","Cell165","Batch1","Group1",52569.8203387363
"Cell166","Cell166","Batch1","Group1",39985.1041777555
"Cell167","Cell167","Batch1","Group2",64200.5459820581
"Cell168","Cell168","Batch1","Group1",69725.9544744064
"Cell169","Cell169","Batch1","Group1",46270.35493987
"Cell170","Cell170","Batch1","Group1",80537.6892830649
"Cell171","Cell171","Batch1","Group1",64668.5947553624
"Cell172","Cell172","Batch1","Group1",78301.9713854733
"Cell173","Cell173","Batch1","Group2",49442.5122892001
"Cell174","Cell174","Batch1","Group2",61905.0016600481
"Cell175","Cell175","Batch1","Group1",58688.3904288587
"Cell176","Cell176","Batch1","Group1",69821.7947962521
"Cell177","Cell177","Batch1","Group1",53360.6086184506
"Cell178","Cell178","Batch1","Group1",59753.3458436669
"Cell179","Cell179","Batch1","Group2",41951.4455529338
"Cell180","Cell180","Batch1","Group1",51250.2467398878
"Cell181","Cell181","Batch1","Group2",61390.2788531351
"Cell182","Cell182","Batch1","Group1",51986.3104081439
"Cell183","Cell183","Batch1","Group2",59354.6711949891
"Cell184","Cell184","Batch1","Group1",54525.0116762643
"Cell185","Cell185","Batch1","Group1",67601.5389451211
"Cell186","Cell186","Batch1","Group1",75636.7580617364
"Cell187","Cell187","Batch1","Group1",50792.2832468581
"Cell188","Cell188","Batch1","Group1",56308.0443894833
"Cell189","Cell189","Batch1","Group3",79853.7608663226
"Cell190","Cell190","Batch1","Group3",38569.4329465236
"Cell191","Cell191","Batch1","Group1",56164.0662969975
"Cell192","Cell192","Batch1","Group1",90485.1345272593
"Cell193","Cell193","Batch1","Group3",92847.9059805344
"Cell194","Cell194","Batch1","Group1",61779.0175944499
"Cell195","Cell195","Batch1","Group3",50376.4060175214
"Cell196","Cell196","Batch1","Group1",61888.613008944
"Cell197","Cell197","Batch1","Group1",52546.0454725658
"Cell198","Cell198","Batch1","Group1",80062.5478629146
"Cell199","Cell199","Batch1","Group1",50955.2700416602
"Cell200","Cell200","Batch1","Group1",64510.4379931293
"Cell201","Cell201","Batch1","Group1",67776.4463709973
"Cell202","Cell202","Batch1","Group3",51456.8035082922
"Cell203","Cell203","Batch1","Group1",70990.7550016763
"Cell204","Cell204","Batch1","Group1",51555.4912114044
"Cell205","Cell205","Batch1","Group1",67917.4289333672
"Cell206","Cell206","Batch1","Group2",74557.9777560224
"Cell207","Cell207","Batch1","Group1",49134.2396283364
"Cell208","Cell208","Batch1","Group1",74727.1686289643
"Cell209","Cell209","Batch1","Group1",54289.8967871
"Cell210","Cell210","Batch1","Group1",63504.7939741727
"Cell211","Cell211","Batch1","Group1",62340.5573929367
"Cell212","Cell212","Batch1","Group1",54970.9818761836
"Cell213","Cell213","Batch1","Group1",63172.260901506
"Cell214","Cell214","Batch1","Group1",46812.8873589206
"Cell215","Cell215","Batch1","Group1",58265.9192282657
"Cell216","Cell216","Batch1","Group2",70626.3205504239
"Cell217","Cell217","Batch1","Group1",38761.2017394614
"Cell218","Cell218","Batch1","Group1",44463.0934125626
"Cell219","Cell219","Batch1","Group2",47458.5742513917
"Cell220","Cell220","Batch1","Group3",43572.524608669
"Cell221","Cell221","Batch1","Group1",65115.4161810831
"Cell222","Cell222","Batch1","Group3",49090.1817804446
"Cell223","Cell223","Batch1","Group2",38835.5204732823
"Cell224","Cell224","Batch1","Group1",52706.0878579547
"Cell225","Cell225","Batch1","Group1",55374.4153736383
"Cell226","Cell226","Batch1","Group1",71065.4878332305
"Cell227","Cell227","Batch1","Group1",48014.0796442485
"Cell228","Cell228","Batch1","Group1",75527.9338175153
"Cell229","Cell229","Batch1","Group1",64839.6477431397
"Cell230","Cell230","Batch1","Group3",64374.342963847
"Cell231","Cell231","Batch1","Group1",50488.1970385402
"Cell232","Cell232","Batch1","Group1",88497.8534570798
"Cell233","Cell233","Batch1","Group1",57938.9896659927
"Cell234","Cell234","Batch1","Group1",41565.2800326257
"Cell235","Cell235","Batch1","Group1",57482.0903285882
"Cell236","Cell236","Batch1","Group1",40664.5175229139
"Cell237","Cell237","Batch1","Group1",56268.9401316329
"Cell238","Cell238","Batch1","Group2",55025.6434092936
"Cell239","Cell239","Batch1","Group1",68621.8268031908
"Cell240","Cell240","Batch1","Group2",73269.4658631699
"Cell241","Cell241","Batch1","Group1",51781.0228574259
"Cell242","Cell242","Batch1","Group1",70348.854087502
"Cell243","Cell243","Batch1","Group1",79607.582269162
"Cell244","Cell244","Batch1","Group1",51183.433746462
"Cell245","Cell245","Batch1","Group1",52549.9343333002
"Cell246","Cell246","Batch1","Group2",68196.9875906357
"Cell247","Cell247","Batch1","Group1",62106.7274131447
"Cell248","Cell248","Batch1","Group3",66819.8179944691
"Cell249","Cell249","Batch1","Group3",79295.515813814
"Cell250","Cell250","Batch1","Group2",64693.5396022428
"Cell251","Cell251","Batch1","Group1",73890.5522745723
"Cell252","Cell252","Batch1","Group1",67817.8756930195
"Cell253","Cell253","Batch1","Group1",65298.4826217603
"Cell254","Cell254","Batch1","Group1",64680.6192457812
"Cell255","Cell255","Batch1","Group1",77517.9391060218
"Cell256","Cell256","Batch1","Group2",48998.649978688
"Cell257","Cell257","Batch1","Group1",48000.3438865986
"Cell258","Cell258","Batch1","Group1",67399.2521188568
"Cell259","Cell259","Batch1","Group1",58457.8971444075
"Cell260","Cell260","Batch1","Group2",60766.9322381406
"Cell261","Cell261","Batch1","Group3",69442.5780842441
"Cell262","Cell262","Batch1","Group2",69609.6864359946
"Cell263","Cell263","Batch1","Group1",56809.900797128
"Cell264","Cell264","Batch1","Group3",56246.0573582117
"Cell265","Cell265","Batch1","Group1",60761.9908395966
"Cell266","Cell266","Batch1","Group1",74057.9784407539
"Cell267","Cell267","Batch1","Group1",65199.3055859508
"Cell268","Cell268","Batch1","Group1",79745.9712527885
"Cell269","Cell269","Batch1","Group1",59782.7613066394
"Cell270","Cell270","Batch1","Group1",74991.7600921015
"Cell271","Cell271","Batch1","Group2",71439.088906705
"Cell272","Cell272","Batch1","Group1",67671.2493996135
"Cell273","Cell273","Batch1","Group1",65051.8641915597
"Cell274","Cell274","Batch1","Group1",56614.6758134375
"Cell275","Cell275","Batch1","Group2",58582.5704170035
"Cell276","Cell276","Batch1","Group2",62685.1025271413
"Cell277","Cell277","Batch1","Group3",60462.4492722631
"Cell278","Cell278","Batch1","Group1",72304.7347588745
"Cell279","Cell279","Batch1","Group1",58579.2944070358
"Cell280","Cell280","Batch1","Group1",59037.2934563723
"Cell281","Cell281","Batch1","Group2",54346.5374684039
"Cell282","Cell282","Batch1","Group1",58240.2941954885
"Cell283","Cell283","Batch1","Group1",59056.3216357646
"Cell284","Cell284","Batch1","Group1",37693.8731841611
"Cell285","Cell285","Batch1","Group1",45571.3113548228
"Cell286","Cell286","Batch1","Group1",59012.3851119252
"Cell287","Cell287","Batch1","Group1",56780.216616121
"Cell288","Cell288","Batch1","Group1",47090.4799023291
"Cell289","Cell289","Batch1","Group1",40202.8177241545
"Cell290","Cell290","Batch1","Group1",55777.517557184
"Cell291","Cell291","Batch1","Group1",68234.0613976368
"Cell292","Cell292","Batch1","Group1",85361.266786787
"Cell293","Cell293","Batch1","Group1",59415.3946674687
"Cell294","Cell294","Batch1","Group2",80711.5501155786
"Cell295","Cell295","Batch1","Group2",60876.6175397775
"Cell296","Cell296","Batch1","Group2",61273.7262564558
"Cell297","Cell297","Batch1","Group3",63892.9983688518
"Cell298","Cell298","Batch1","Group1",50306.247389396
"Cell299","Cell299","Batch1","Group1",59258.0169739307
"Cell300","Cell300","Batch1","Group2",71803.5746320295
"Cell301","Cell301","Batch1","Group2",51536.9777017491
"Cell302","Cell302","Batch1","Group1",56144.2070706496
"Cell303","Cell303","Batch1","Group2",47593.2322223468
"Cell304","Cell304","Batch1","Group2",64271.426869259
"Cell305","Cell305","Batch1","Group1",65183.3897144807
"Cell306","Cell306","Batch1","Group1",68163.8381118874
"Cell307","Cell307","Batch1","Group1",46912.4319888093
"Cell308","Cell308","Batch1","Group1",61172.1321000329
"Cell309","Cell309","Batch1","Group1",49572.3482190067
"Cell310","Cell310","Batch1","Group1",59869.5357900196
"Cell311","Cell311","Batch1","Group1",78317.3768562562
"Cell312","Cell312","Batch1","Group1",54138.1798137423
"Cell313","Cell313","Batch1","Group2",69101.8418457981
"Cell314","Cell314","Batch1","Group1",51537.5673166827
"Cell315","Cell315","Batch1","Group1",54409.5167559205
"Cell316","Cell316","Batch1","Group2",65365.1388433403
"Cell317","Cell317","Batch1","Group2",52269.982970513
"Cell318","Cell318","Batch1","Group1",42591.374403761
"Cell319","Cell319","Batch1","Group1",77113.5035119586
"Cell320","Cell320","Batch1","Group2",64348.6637572755
"Cell321","Cell321","Batch1","Group2",53277.6454316038
"Cell322","Cell322","Batch1","Group1",40182.3949667221
"Cell323","Cell323","Batch1","Group1",87591.7377259971
"Cell324","Cell324","Batch1","Group2",117956.85066635
"Cell325","Cell325","Batch1","Group1",62410.9538532079
"Cell326","Cell326","Batch1","Group1",70966.3662858959
"Cell327","Cell327","Batch1","Group3",76489.7529452654
"Cell328","Cell328","Batch1","Group1",52033.2966736184
"Cell329","Cell329","Batch1","Group1",55812.9250958416
"Cell330","Cell330","Batch1","Group3",42386.1014999447
"Cell331","Cell331","Batch1","Group1",51672.6730752428
"Cell332","Cell332","Batch1","Group1",67811.1528407835
"Cell333","Cell333","Batch1","Group2",56492.1405501734
"Cell334","Cell334","Batch1","Group2",57363.1673856111
"Cell335","Cell335","Batch1","Group1",58541.3188890718
"Cell336","Cell336","Batch1","Group1",41244.234137204
"Cell337","Cell337","Batch1","Group1",70793.7491432052
"Cell338","Cell338","Batch1","Group1",44859.9826902662
"Cell339","Cell339","Batch1","Group1",57427.9253016851
"Cell340","Cell340","Batch1","Group3",54846.1519623715
"Cell341","Cell341","Batch1","Group1",57312.9130887796
"Cell342","Cell342","Batch1","Group1",80177.0977570747
"Cell343","Cell343","Batch1","Group1",53294.4787398063
"Cell344","Cell344","Batch1","Group1",51194.1466299119
"Cell345","Cell345","Batch1","Group1",44181.843406417
"Cell346","Cell346","Batch1","Group1",50963.2663059529
"Cell347","Cell347","Batch1","Group3",47418.2786334165
"Cell348","Cell348","Batch1","Group1",64964.0448222629
"Cell349","Cell349","Batch1","Group1",50382.4989549047
"Cell350","Cell350","Batch1","Group1",63627.9683760886
"Cell351","Cell351","Batch1","Group1",58146.1241108978
"Cell352","Cell352","Batch1","Group3",44949.1695167794
"Cell353","Cell353","Batch1","Group1",51117.3087973041
"Cell354","Cell354","Batch1","Group1",71469.24462309
"Cell355","Cell355","Batch1","Group1",71726.475853267
"Cell356","Cell356","Batch1","Group3",89421.3417636186
"Cell357","Cell357","Batch1","Group1",59831.2834830954
"Cell358","Cell358","Batch1","Group1",44392.8916310565
"Cell359","Cell359","Batch1","Group1",51344.6793496573
"Cell360","Cell360","Batch1","Group2",64971.0913163271
"Cell361","Cell361","Batch1","Group1",87555.4220750369
"Cell362","Cell362","Batch1","Group1",61206.0809007592
"Cell363","Cell363","Batch1","Group2",75212.8494002612
"Cell364","Cell364","Batch1","Group1",69815.8444567791
"Cell365","Cell365","Batch1","Group1",47400.1975585572
"Cell366","Cell366","Batch1","Group2",57859.7622547264
"Cell367","Cell367","Batch1","Group1",77734.3331831446
"Cell368","Cell368","Batch1","Group1",71340.4824745009
"Cell369","Cell369","Batch1","Group1",65693.7603626574
"Cell370","Cell370","Batch1","Group1",65868.9768782607
"Cell371","Cell371","Batch1","Group1",54269.5697980244
"Cell372","Cell372","Batch1","Group1",45987.4097688485
"Cell373","Cell373","Batch1","Group2",77581.5684640822
"Cell374","Cell374","Batch1","Group1",45069.2782539842
"Cell375","Cell375","Batch1","Group1",49623.5508753499
"Cell376","Cell376","Batch1","Group3",67900.114408689
"Cell377","Cell377","Batch1","Group2",46516.4405881092
"Cell378","Cell378","Batch1","Group1",53617.2389389757
"Cell379","Cell379","Batch1","Group1",47260.9711038542
"Cell380","Cell380","Batch1","Group3",67787.4742676309
"Cell381","Cell381","Batch1","Group1",65464.4550497275
"Cell382","Cell382","Batch1","Group2",65145.3977125924
"Cell383","Cell383","Batch1","Group1",65414.0897882784
"Cell384","Cell384","Batch1","Group2",66933.1172155998
"Cell385","Cell385","Batch1","Group1",68041.3779521611
"Cell386","Cell386","Batch1","Group3",40387.1800729945
"Cell387","Cell387","Batch1","Group1",58118.3499991679
"Cell388","Cell388","Batch1","Group1",61236.1366579868
"Cell389","Cell389","Batch1","Group1",69212.3947554369
"Cell390","Cell390","Batch1","Group1",47216.6934955805
"Cell391","Cell391","Batch1","Group3",54180.6960222998
"Cell392","Cell392","Batch1","Group1",48304.0845273956
"Cell393","Cell393","Batch1","Group2",73972.4527349664
"Cell394","Cell394","Batch1","Group2",77328.2414614648
"Cell395","Cell395","Batch1","Group1",70089.9954846254
"Cell396","Cell396","Batch1","Group1",46888.1062168354
"Cell397","Cell397","Batch1","Group1",65538.3288230419
"Cell398","Cell398","Batch1","Group1",75364.3655824783
"Cell399","Cell399","Batch1","Group1",61919.3614770499
"Cell400","Cell400","Batch1","Group3",53464.7658361124
"Cell401","Cell401","Batch1","Group3",48183.7136507676
"Cell402","Cell402","Batch1","Group1",52414.5467171079
"Cell403","Cell403","Batch1","Group3",69076.486606581
"Cell404","Cell404","Batch1","Group1",54921.9178421759
"Cell405","Cell405","Batch1","Group1",62662.7836372007
"Cell406","Cell406","Batch1","Group1",77574.1210660702
"Cell407","Cell407","Batch1","Group2",67216.0265291338
"Cell408","Cell408","Batch1","Group1",78663.5012588191
"Cell409","Cell409","Batch1","Group1",42603.1741254116
"Cell410","Cell410","Batch1","Group1",56605.6874461459
"Cell411","Cell411","Batch1","Group1",60658.4121030884
"Cell412","Cell412","Batch1","Group2",67219.4459106877
"Cell413","Cell413","Batch1","Group1",47389.6284985727
"Cell414","Cell414","Batch1","Group1",70349.923216318
"Cell415","Cell415","Batch1","Group1",63670.5884549556
"Cell416","Cell416","Batch1","Group1",63117.9957951586
"Cell417","Cell417","Batch1","Group3",66283.545198622
"Cell418","Cell418","Batch1","Group1",58496.8573944852
"Cell419","Cell419","Batch1","Group1",72049.5401979759
"Cell420","Cell420","Batch1","Group1",68162.2352240997
"Cell421","Cell421","Batch1","Group1",58102.1603333301
"Cell422","Cell422","Batch1","Group1",73723.3906144306
"Cell423","Cell423","Batch1","Group1",63482.0036095268
"Cell424","Cell424","Batch1","Group1",68442.5700990436
"Cell425","Cell425","Batch1","Group2",53165.4735741299
"Cell426","Cell426","Batch1","Group1",82132.2775509265
"Cell427","Cell427","Batch1","Group1",59826.3938402309
"Cell428","Cell428","Batch1","Group1",70938.4978934031
"Cell429","Cell429","Batch1","Group1",58687.1865433197
"Cell430","Cell430","Batch1","Group2",56617.5348153565
"Cell431","Cell431","Batch1","Group3",70044.6131723574
"Cell432","Cell432","Batch1","Group1",43611.522462357
"Cell433","Cell433","Batch1","Group1",65885.4712493826
"Cell434","Cell434","Batch1","Group3",64777.4789328325
"Cell435","Cell435","Batch1","Group1",34924.1597862009
"Cell436","Cell436","Batch1","Group1",64451.9630054129
"Cell437","Cell437","Batch1","Group1",38805.4682721651
"Cell438","Cell438","Batch1","Group1",68320.2081656246
"Cell439","Cell439","Batch1","Group1",54678.0295042338
"Cell440","Cell440","Batch1","Group1",52104.8146381726
"Cell441","Cell441","Batch1","Group1",59792.2145125677
"Cell442","Cell442","Batch1","Group1",78795.4402242164
"Cell443","Cell443","Batch1","Group2",52729.765459164
"Cell444","Cell444","Batch1","Group1",66944.597866494
"Cell445","Cell445","Batch1","Group2",64102.0467953946
"Cell446","Cell446","Batch1","Group2",47291.9927732478
"Cell447","Cell447","Batch1","Group2",42268.423484042
"Cell448","Cell448","Batch1","Group1",40194.3953507654
"Cell449","Cell449","Batch1","Group1",66853.2262430375
"Cell450","Cell450","Batch1","Group1",59459.5535249589
"Cell451","Cell451","Batch1","Group1",86691.7793183248
"Cell452","Cell452","Batch1","Group1",67153.4126296509
"Cell453","Cell453","Batch1","Group1",70964.7943070508
"Cell454","Cell454","Batch1","Group1",78188.4108785566
"Cell455","Cell455","Batch1","Group1",54168.5727343747
"Cell456","Cell456","Batch1","Group2",66304.9335315251
"Cell457","Cell457","Batch1","Group2",71236.3609147555
"Cell458","Cell458","Batch1","Group2",78737.1475457887
"Cell459","Cell459","Batch1","Group1",69740.0633961738
"Cell460","Cell460","Batch1","Group1",65135.7892114326
"Cell461","Cell461","Batch1","Group3",50329.9290737733
"Cell462","Cell462","Batch1","Group1",69280.0366460275
"Cell463","Cell463","Batch1","Group1",66174.6788792035
"Cell464","Cell464","Batch1","Group1",67971.9263243317
"Cell465","Cell465","Batch1","Group1",65168.3375206908
"Cell466","Cell466","Batch1","Group1",57505.2996898893
"Cell467","Cell467","Batch1","Group1",58960.7248262661
"Cell468","Cell468","Batch1","Group1",68697.8252978516
"Cell469","Cell469","Batch1","Group1",61965.0813530303
"Cell470","Cell470","Batch1","Group2",50715.064982414
"Cell471","Cell471","Batch1","Group1",56498.432649835
"Cell472","Cell472","Batch1","Group2",45989.7973975135
"Cell473","Cell473","Batch1","Group1",49345.0936006509
"Cell474","Cell474","Batch1","Group2",58167.2514782264
"Cell475","Cell475","Batch1","Group1",41788.3757914628
"Cell476","Cell476","Batch1","Group1",42714.4053898088
"Cell477","Cell477","Batch1","Group1",74646.061339978
"Cell478","Cell478","Batch1","Group1",53352.5052909456
"Cell479","Cell479","Batch1","Group1",41343.1345529327
"Cell480","Cell480","Batch1","Group2",58537.7633387015
"Cell481","Cell481","Batch1","Group1",77980.482768478
"Cell482","Cell482","Batch1","Group2",68353.6921777205
"Cell483","Cell483","Batch1","Group1",65399.94128557
"Cell484","Cell484","Batch1","Group1",75867.9177099516
"Cell485","Cell485","Batch1","Group3",51313.0154666713
"Cell486","Cell486","Batch1","Group1",69281.8217439131
"Cell487","Cell487","Batch1","Group1",53240.9372630549
"Cell488","Cell488","Batch1","Group1",59883.2934150536
"Cell489","Cell489","Batch1","Group1",93236.3609807919
"Cell490","Cell490","Batch1","Group2",72684.7502752245
"Cell491","Cell491","Batch1","Group3",69814.8169011275
"Cell492","Cell492","Batch1","Group1",47970.159411303
"Cell493","Cell493","Batch1","Group1",51162.0239454052
"Cell494","Cell494","Batch1","Group2",94544.2536114874
"Cell495","Cell495","Batch1","Group1",48114.5472118254
"Cell496","Cell496","Batch1","Group3",62498.3774793436
"Cell497","Cell497","Batch1","Group1",71575.9363474902
"Cell498","Cell498","Batch1","Group1",73405.3128744233
"Cell499","Cell499","Batch1","Group1",74445.4857920005
"Cell500","Cell500","Batch1","Group2",57952.2226137527
"Cell501","Cell501","Batch1","Group1",50807.6727514607
"Cell502","Cell502","Batch1","Group1",56305.5592956097
"Cell503","Cell503","Batch1","Group1",49990.1066729995
"Cell504","Cell504","Batch1","Group1",67874.368180817
"Cell505","Cell505","Batch1","Group1",74912.1225107793
"Cell506","Cell506","Batch1","Group1",91623.4672465766
"Cell507","Cell507","Batch1","Group1",64422.799348249
"Cell508","Cell508","Batch1","Group1",50263.9663471816
"Cell509","Cell509","Batch1","Group3",73489.2909039762
"Cell510","Cell510","Batch1","Group1",71750.6202898399
"Cell511","Cell511","Batch1","Group1",57088.0596501265
"Cell512","Cell512","Batch1","Group1",43845.5723130499
"Cell513","Cell513","Batch1","Group2",69721.358120121
"Cell514","Cell514","Batch1","Group1",75043.9243530464
"Cell515","Cell515","Batch1","Group2",56442.5414314453
"Cell516","Cell516","Batch1","Group1",66652.5486157424
"Cell517","Cell517","Batch1","Group1",56659.8941402599
"Cell518","Cell518","Batch1","Group2",68628.4910573451
"Cell519","Cell519","Batch1","Group1",58485.9513816085
"Cell520","Cell520","Batch1","Group2",55885.7567101689
"Cell521","Cell521","Batch1","Group1",61225.8092663212
"Cell522","Cell522","Batch1","Group1",56574.8000926927
"Cell523","Cell523","Batch1","Group1",53199.08985045
"Cell524","Cell524","Batch1","Group1",56207.9010316214
"Cell525","Cell525","Batch1","Group1",59776.6006290602
"Cell526","Cell526","Batch1","Group1",62411.1377581268
"Cell527","Cell527","Batch1","Group3",81347.4466000777
"Cell528","Cell528","Batch1","Group1",45633.6395888275
"Cell529","Cell529","Batch1","Group3",57530.8261385768
"Cell530","Cell530","Batch1","Group1",67934.8628324265
"Cell531","Cell531","Batch1","Group3",85169.9695562825
"Cell532","Cell532","Batch1","Group1",65199.2257290622
"Cell533","Cell533","Batch1","Group1",59709.6732178496
"Cell534","Cell534","Batch1","Group2",56302.1847049382
"Cell535","Cell535","Batch1","Group1",65046.7572655371
"Cell536","Cell536","Batch1","Group2",72970.5769964745
"Cell537","Cell537","Batch1","Group1",57712.4579319628
"Cell538","Cell538","Batch1","Group2",61867.6237949074
"Cell539","Cell539","Batch1","Group1",62529.0963396986
"Cell540","Cell540","Batch1","Group1",69276.1192928896
"Cell541","Cell541","Batch1","Group2",74777.7815252132
"Cell542","Cell542","Batch1","Group1",63312.126609104
"Cell543","Cell543","Batch1","Group2",58968.9236124878
"Cell544","Cell544","Batch1","Group1",79136.7483230958
"Cell545","Cell545","Batch1","Group2",61877.1856894545
"Cell546","Cell546","Batch1","Group3",82089.9105561297
"Cell547","Cell547","Batch1","Group1",59137.2012698428
"Cell548","Cell548","Batch1","Group2",67696.150277088
"Cell549","Cell549","Batch1","Group2",43948.8739291799
"Cell550","Cell550","Batch1","Group1",58543.2811118161
"Cell551","Cell551","Batch1","Group1",59613.7238214997
"Cell552","Cell552","Batch1","Group1",51448.2082980417
"Cell553","Cell553","Batch1","Group1",48670.1615986872
"Cell554","Cell554","Batch1","Group2",72376.1323616961
"Cell555","Cell555","Batch1","Group1",71885.6360361792
"Cell556","Cell556","Batch1","Group1",46177.7611611562
"Cell557","Cell557","Batch1","Group1",65177.9016676591
"Cell558","Cell558","Batch1","Group1",47929.714522835
"Cell559","Cell559","Batch1","Group1",48522.6197482824
"Cell560","Cell560","Batch1","Group1",66508.3305118617
"Cell561","Cell561","Batch1","Group1",52197.777690283
"Cell562","Cell562","Batch1","Group3",73035.141625193
"Cell563","Cell563","Batch1","Group2",60337.2369198009
"Cell564","Cell564","Batch1","Group1",66651.2976581592
"Cell565","Cell565","Batch1","Group1",53920.965976641
"Cell566","Cell566","Batch1","Group1",47560.398659415
"Cell567","Cell567","Batch1","Group1",71894.1694693507
"Cell568","Cell568","Batch1","Group2",62793.9680894723
"Cell569","Cell569","Batch1","Group1",57078.708666271
"Cell570","Cell570","Batch1","Group2",60708.9896230889
"Cell571","Cell571","Batch1","Group1",78055.9899879186
"Cell572","Cell572","Batch1","Group3",52071.1677827693
"Cell573","Cell573","Batch1","Group1",51540.2487790784
"Cell574","Cell574","Batch1","Group1",52895.6820345188
"Cell575","Cell575","Batch1","Group3",43608.255003493
"Cell576","Cell576","Batch1","Group2",70539.3244917876
"Cell577","Cell577","Batch1","Group1",62222.62318188
"Cell578","Cell578","Batch1","Group1",62407.1040506872
"Cell579","Cell579","Batch1","Group1",59357.3081615631
"Cell580","Cell580","Batch1","Group1",54066.3844242559
"Cell581","Cell581","Batch1","Group2",50782.9667551145
"Cell582","Cell582","Batch1","Group2",70995.4649939299
"Cell583","Cell583","Batch1","Group2",45015.541032837
"Cell584","Cell584","Batch1","Group1",65385.7607623321
"Cell585","Cell585","Batch1","Group2",51096.8264644051
"Cell586","Cell586","Batch1","Group1",63352.0181832204
"Cell587","Cell587","Batch1","Group1",51630.1919446024
"Cell588","Cell588","Batch1","Group1",53924.03972325
"Cell589","Cell589","Batch1","Group3",85295.1764150448
"Cell590","Cell590","Batch1","Group1",68436.1534913185
"Cell591","Cell591","Batch1","Group1",38988.4448434444
"Cell592","Cell592","Batch1","Group1",61407.206884733
"Cell593","Cell593","Batch1","Group3",54701.0078205992
"Cell594","Cell594","Batch1","Group1",47699.4316849808
"Cell595","Cell595","Batch1","Group1",62439.7379683968
"Cell596","Cell596","Batch1","Group2",61450.8595814975
"Cell597","Cell597","Batch1","Group1",56066.7758640918
"Cell598","Cell598","Batch1","Group1",88835.4191242952
"Cell599","Cell599","Batch1","Group2",38187.4416007692
"Cell600","Cell600","Batch1","Group1",70802.095553403
"Cell601","Cell601","Batch1","Group1",56511.2688493009
"Cell602","Cell602","Batch1","Group1",68275.2550604443
"Cell603","Cell603","Batch1","Group1",54677.1112791074
"Cell604","Cell604","Batch1","Group1",53168.802678921
"Cell605","Cell605","Batch1","Group1",42528.2596430828
"Cell606","Cell606","Batch1","Group2",57417.8387903677
"Cell607","Cell607","Batch1","Group1",98297.0367062502
"Cell608","Cell608","Batch1","Group2",72979.9804147567
"Cell609","Cell609","Batch1","Group1",83710.0592257888
"Cell610","Cell610","Batch1","Group1",71897.2333378999
"Cell611","Cell611","Batch1","Group1",75271.1752421215
"Cell612","Cell612","Batch1","Group1",71723.6115644933
"Cell613","Cell613","Batch1","Group1",65846.2979631747
"Cell614","Cell614","Batch1","Group3",53289.4814860143
"Cell615","Cell615","Batch1","Group1",53820.6796569437
"Cell616","Cell616","Batch1","Group2",43470.2467686797
"Cell617","Cell617","Batch1","Group2",59804.5161041795
"Cell618","Cell618","Batch1","Group2",71673.1253233039
"Cell619","Cell619","Batch1","Group3",73598.837614074
"Cell620","Cell620","Batch1","Group1",61024.2460792231
"Cell621","Cell621","Batch1","Group3",53662.7556499825
"Cell622","Cell622","Batch1","Group2",115624.539102207
"Cell623","Cell623","Batch1","Group2",69378.8334355012
"Cell624","Cell624","Batch1","Group1",79547.9338913785
"Cell625","Cell625","Batch1","Group1",55963.9980979716
"Cell626","Cell626","Batch1","Group1",59421.3266003254
"Cell627","Cell627","Batch1","Group1",65494.4980947181
"Cell628","Cell628","Batch1","Group2",83725.9682623881
"Cell629","Cell629","Batch1","Group1",56258.0876912418
"Cell630","Cell630","Batch1","Group1",71020.4493349856
"Cell631","Cell631","Batch1","Group2",39380.9341418083
"Cell632","Cell632","Batch1","Group2",54097.81701973
"Cell633","Cell633","Batch1","Group1",46239.8927834862
"Cell634","Cell634","Batch1","Group2",74807.4339566475
"Cell635","Cell635","Batch1","Group1",57936.877756662
"Cell636","Cell636","Batch1","Group1",55377.3078705023
"Cell637","Cell637","Batch1","Group3",78733.1817846009
"Cell638","Cell638","Batch1","Group2",74850.9866642502
"Cell639","Cell639","Batch1","Group2",50030.8832786542
"Cell640","Cell640","Batch1","Group1",65223.3816258743
"Cell641","Cell641","Batch1","Group1",46831.4884739926
"Cell642","Cell642","Batch1","Group2",54441.2270039075
"Cell643","Cell643","Batch1","Group2",82728.1762575343
"Cell644","Cell644","Batch1","Group1",80019.4965041301
"Cell645","Cell645","Batch1","Group1",74742.470052363
"Cell646","Cell646","Batch1","Group1",53413.5224736116
"Cell647","Cell647","Batch1","Group2",41097.9576051775
"Cell648","Cell648","Batch1","Group1",47328.1418746314
"Cell649","Cell649","Batch1","Group1",72439.8111439617
"Cell650","Cell650","Batch1","Group1",56493.8139069108
"Cell651","Cell651","Batch1","Group2",38850.5833406497
"Cell652","Cell652","Batch1","Group3",57754.8439308338
"Cell653","Cell653","Batch1","Group1",79383.6609223545
"Cell654","Cell654","Batch1","Group1",68097.3602204698
"Cell655","Cell655","Batch1","Group2",50804.9104498717
"Cell656","Cell656","Batch1","Group2",43950.3852882067
"Cell657","Cell657","Batch1","Group3",50751.2006561094
"Cell658","Cell658","Batch1","Group1",60289.035535372
"Cell659","Cell659","Batch1","Group1",71511.5847606792
"Cell660","Cell660","Batch1","Group1",40619.8429596291
"Cell661","Cell661","Batch1","Group2",73470.5813293034
"Cell662","Cell662","Batch1","Group2",59939.5327363715
"Cell663","Cell663","Batch1","Group1",67101.1052106114
"Cell664","Cell664","Batch1","Group2",43016.9235145462
"Cell665","Cell665","Batch1","Group1",52400.3800934995
"Cell666","Cell666","Batch1","Group1",54740.1740489655
"Cell667","Cell667","Batch1","Group3",73775.2264785805
"Cell668","Cell668","Batch1","Group1",73543.6811091632
"Cell669","Cell669","Batch1","Group1",65317.6841051227
"Cell670","Cell670","Batch1","Group1",82523.8347224962
"Cell671","Cell671","Batch1","Group1",54009.6363229445
"Cell672","Cell672","Batch1","Group1",73314.0420243452
"Cell673","Cell673","Batch1","Group1",59445.3090998955
"Cell674","Cell674","Batch1","Group1",52393.1732726079
"Cell675","Cell675","Batch1","Group1",72018.3342300313
"Cell676","Cell676","Batch1","Group1",78922.3760039177
"Cell677","Cell677","Batch1","Group2",71371.2269516189
"Cell678","Cell678","Batch1","Group1",54074.5705431539
"Cell679","Cell679","Batch1","Group1",54504.7140460736
"Cell680","Cell680","Batch1","Group1",78868.34082683
"Cell681","Cell681","Batch1","Group2",64251.8169209907
"Cell682","Cell682","Batch1","Group2",70679.7787317005
"Cell683","Cell683","Batch1","Group2",55952.5675779515
"Cell684","Cell684","Batch1","Group2",77049.7801415804
"Cell685","Cell685","Batch1","Group3",50932.1162429612
"Cell686","Cell686","Batch1","Group1",67851.0611083618
"Cell687","Cell687","Batch1","Group1",50846.4205610699
"Cell688","Cell688","Batch1","Group1",36588.3439253988
"Cell689","Cell689","Batch1","Group1",45771.1151637686
"Cell690","Cell690","Batch1","Group1",61528.7017373109
"Cell691","Cell691","Batch1","Group1",71437.9521570861
"Cell692","Cell692","Batch1","Group1",42181.6083265721
"Cell693","Cell693","Batch1","Group1",46616.7457404457
"Cell694","Cell694","Batch1","Group1",85212.9928401943
"Cell695","Cell695","Batch1","Group1",54897.3375538826
"Cell696","Cell696","Batch1","Group1",66246.6400533242
"Cell697","Cell697","Batch1","Group1",53885.2969445431
"Cell698","Cell698","Batch1","Group1",56403.32687939
"Cell699","Cell699","Batch1","Group1",60928.0440613184
"Cell700","Cell700","Batch1","Group1",60005.551898181
"Cell701","Cell701","Batch1","Group2",57612.1036713113
"Cell702","Cell702","Batch1","Group1",54504.617562038
"Cell703","Cell703","Batch1","Group1",32546.5881056653
"Cell704","Cell704","Batch1","Group2",87005.8903108036
"Cell705","Cell705","Batch1","Group1",85655.1680967362
"Cell706","Cell706","Batch1","Group1",48039.7297979656
"Cell707","Cell707","Batch1","Group1",57894.5479304889
"Cell708","Cell708","Batch1","Group1",78830.4845607133
"Cell709","Cell709","Batch1","Group1",73105.4358356838
"Cell710","Cell710","Batch1","Group1",77290.0358353806
"Cell711","Cell711","Batch1","Group1",48322.4056111312
"Cell712","Cell712","Batch1","Group1",100253.135274622
"Cell713","Cell713","Batch1","Group1",47729.6467060427
"Cell714","Cell714","Batch1","Group2",69618.3365899937
"Cell715","Cell715","Batch1","Group1",61590.0244763666
"Cell716","Cell716","Batch1","Group1",55229.7997094508
"Cell717","Cell717","Batch1","Group1",55498.8090177034
"Cell718","Cell718","Batch1","Group1",49105.2207717603
"Cell719","Cell719","Batch1","Group3",82828.8706669552
"Cell720","Cell720","Batch1","Group1",60955.6997401879
"Cell721","Cell721","Batch1","Group1",63060.104474352
"Cell722","Cell722","Batch1","Group2",62437.826625234
"Cell723","Cell723","Batch1","Group2",55545.948015268
"Cell724","Cell724","Batch1","Group2",47724.2890199629
"Cell725","Cell725","Batch1","Group1",62990.8818233907
"Cell726","Cell726","Batch1","Group2",39390.1912012282
"Cell727","Cell727","Batch1","Group2",45084.1765524865
"Cell728","Cell728","Batch1","Group1",48277.4888197744
"Cell729","Cell729","Batch1","Group2",48255.4583824199
"Cell730","Cell730","Batch1","Group1",61171.5666496299
"Cell731","Cell731","Batch1","Group1",82429.4050518902
"Cell732","Cell732","Batch1","Group2",44220.1201359789
"Cell733","Cell733","Batch1","Group1",65299.2091470075
"Cell734","Cell734","Batch1","Group3",71675.8357291105
"Cell735","Cell735","Batch1","Group1",49123.5366062559
"Cell736","Cell736","Batch1","Group1",59245.2045404371
"Cell737","Cell737","Batch1","Group2",70595.5351884267
"Cell738","Cell738","Batch1","Group3",56891.3267895917
"Cell739","Cell739","Batch1","Group1",57288.955220226
"Cell740","Cell740","Batch1","Group1",63674.8763683876
"Cell741","Cell741","Batch1","Group3",59159.7889475858
"Cell742","Cell742","Batch1","Group1",53576.6930862426
"Cell743","Cell743","Batch1","Group1",58237.04807775
"Cell744","Cell744","Batch1","Group1",87253.0641353046
"Cell745","Cell745","Batch1","Group1",71305.8560751668
"Cell746","Cell746","Batch1","Group1",49865.296827208
"Cell747","Cell747","Batch1","Group2",46677.4508343466
"Cell748","Cell748","Batch1","Group1",55714.9366176672
"Cell749","Cell749","Batch1","Group1",78100.7501042602
"Cell750","Cell750","Batch1","Group3",63483.5326995473
"Cell751","Cell751","Batch1","Group1",52036.410404889
"Cell752","Cell752","Batch1","Group1",71428.1203738948
"Cell753","Cell753","Batch1","Group1",58298.1664889838
"Cell754","Cell754","Batch1","Group1",47851.8137053929
"Cell755","Cell755","Batch1","Group1",65659.5600654734
"Cell756","Cell756","Batch1","Group1",81212.8335279949
"Cell757","Cell757","Batch1","Group1",65309.5569861298
"Cell758","Cell758","Batch1","Group2",62218.0278922069
"Cell759","Cell759","Batch1","Group1",52509.6044796123
"Cell760","Cell760","Batch1","Group1",67082.581974772
"Cell761","Cell761","Batch1","Group1",48333.7760825817
"Cell762","Cell762","Batch1","Group1",43017.8401181978
"Cell763","Cell763","Batch1","Group1",59357.2438877706
"Cell764","Cell764","Batch1","Group1",59461.3201627059
"Cell765","Cell765","Batch1","Group1",96087.1726057676
"Cell766","Cell766","Batch1","Group1",46944.9321987455
"Cell767","Cell767","Batch1","Group1",61956.0947928863
"Cell768","Cell768","Batch1","Group1",70334.001146886
"Cell769","Cell769","Batch1","Group1",73874.1736473509
"Cell770","Cell770","Batch1","Group1",59745.8554818916
"Cell771","Cell771","Batch1","Group3",51603.7060576994
"Cell772","Cell772","Batch1","Group2",59091.5484906556
"Cell773","Cell773","Batch1","Group1",88251.9612537772
"Cell774","Cell774","Batch1","Group2",65943.1180472406
"Cell775","Cell775","Batch1","Group1",39779.4046203947
"Cell776","Cell776","Batch1","Group1",79593.8275695741
"Cell777","Cell777","Batch1","Group1",66709.3586851271
"Cell778","Cell778","Batch1","Group1",59473.4721343132
"Cell779","Cell779","Batch1","Group1",59660.6095916476
"Cell780","Cell780","Batch1","Group2",58107.0371031309
"Cell781","Cell781","Batch1","Group1",63026.5847290272
"Cell782","Cell782","Batch1","Group2",54134.4807204932
"Cell783","Cell783","Batch1","Group1",63284.9137492773
"Cell784","Cell784","Batch1","Group1",49698.4385971987
"Cell785","Cell785","Batch1","Group2",62319.4824040327
"Cell786","Cell786","Batch1","Group1",74709.8694939547
"Cell787","Cell787","Batch1","Group1",66293.1082449333
"Cell788","Cell788","Batch1","Group1",73625.7373092045
"Cell789","Cell789","Batch1","Group1",48137.9558409997
"Cell790","Cell790","Batch1","Group3",60533.8842141916
"Cell791","Cell791","Batch1","Group3",67741.2148717491
"Cell792","Cell792","Batch1","Group1",48358.5841233297
"Cell793","Cell793","Batch1","Group1",81892.5144831288
"Cell794","Cell794","Batch1","Group1",48680.7229375163
"Cell795","Cell795","Batch1","Group2",61876.9949954031
"Cell796","Cell796","Batch1","Group1",61720.1950104447
"Cell797","Cell797","Batch1","Group1",61348.9944973422
"Cell798","Cell798","Batch1","Group1",57406.6301381997
"Cell799","Cell799","Batch1","Group1",65511.9178793979
"Cell800","Cell800","Batch1","Group1",48716.2096942596
"Cell801","Cell801","Batch1","Group1",46264.3591264943
"Cell802","Cell802","Batch1","Group1",52527.1927893049
"Cell803","Cell803","Batch1","Group1",59191.6154086318
"Cell804","Cell804","Batch1","Group1",76983.7441853008
"Cell805","Cell805","Batch1","Group1",82247.710138026
"Cell806","Cell806","Batch1","Group3",63824.7479172308
"Cell807","Cell807","Batch1","Group1",64622.5257324073
"Cell808","Cell808","Batch1","Group1",57026.481307455
"Cell809","Cell809","Batch1","Group2",60452.3431338161
"Cell810","Cell810","Batch1","Group1",45210.7797657922
"Cell811","Cell811","Batch1","Group1",63448.6848624233
"Cell812","Cell812","Batch1","Group1",53792.4974348318
"Cell813","Cell813","Batch1","Group1",64019.0359362412
"Cell814","Cell814","Batch1","Group2",55871.167120618
"Cell815","Cell815","Batch1","Group2",52453.2120948257
"Cell816","Cell816","Batch1","Group1",57306.9808221764
"Cell817","Cell817","Batch1","Group1",55637.850770459
"Cell818","Cell818","Batch1","Group1",74526.9170328854
"Cell819","Cell819","Batch1","Group1",62432.5227493569
"Cell820","Cell820","Batch1","Group1",65283.7403634406
"Cell821","Cell821","Batch1","Group1",46715.406030456
"Cell822","Cell822","Batch1","Group1",80770.2789388093
"Cell823","Cell823","Batch1","Group1",61813.3159221692
"Cell824","Cell824","Batch1","Group3",50450.2872397894
"Cell825","Cell825","Batch1","Group2",63691.6868980978
"Cell826","Cell826","Batch1","Group1",71259.7410992903
"Cell827","Cell827","Batch1","Group1",45399.8723494647
"Cell828","Cell828","Batch1","Group1",83953.7552934501
"Cell829","Cell829","Batch1","Group1",58011.3441365218
"Cell830","Cell830","Batch1","Group2",74924.3454539281
"Cell831","Cell831","Batch1","Group1",60745.7417331089
"Cell832","Cell832","Batch1","Group2",56022.8785088601
"Cell833","Cell833","Batch1","Group1",41482.0461896438
"Cell834","Cell834","Batch1","Group2",48048.4692419158
"Cell835","Cell835","Batch1","Group1",59381.1396140081
"Cell836","Cell836","Batch1","Group1",70655.4488024504
"Cell837","Cell837","Batch1","Group2",41095.9259048821
"Cell838","Cell838","Batch1","Group1",78833.0987429338
"Cell839","Cell839","Batch1","Group1",79205.2681678041
"Cell840","Cell840","Batch1","Group1",47635.651874046
"Cell841","Cell841","Batch1","Group3",65805.592916921
"Cell842","Cell842","Batch1","Group2",48692.1038503923
"Cell843","Cell843","Batch1","Group1",58393.5083508751
"Cell844","Cell844","Batch1","Group1",72094.4646986735
"Cell845","Cell845","Batch1","Group1",71229.8983240452
"Cell846","Cell846","Batch1","Group1",50522.0462433434
"Cell847","Cell847","Batch1","Group2",55418.7192967225
"Cell848","Cell848","Batch1","Group1",49255.0552400448
"Cell849","Cell849","Batch1","Group1",64081.3553216313
"Cell850","Cell850","Batch1","Group1",43834.8730141586
"Cell851","Cell851","Batch1","Group1",35388.2425178543
"Cell852","Cell852","Batch1","Group2",80335.1434701746
"Cell853","Cell853","Batch1","Group3",94343.2100448755
"Cell854","Cell854","Batch1","Group2",54665.7851089405
"Cell855","Cell855","Batch1","Group1",69718.4660224472
"Cell856","Cell856","Batch1","Group1",59784.3645428952
"Cell857","Cell857","Batch1","Group3",80407.502053985
"Cell858","Cell858","Batch1","Group1",66891.6072790812
"Cell859","Cell859","Batch1","Group1",62363.3344690866
"Cell860","Cell860","Batch1","Group2",41779.9864021276
"Cell861","Cell861","Batch1","Group1",74353.880001804
"Cell862","Cell862","Batch1","Group1",55816.7496904695
"Cell863","Cell863","Batch1","Group1",45220.3272685003
"Cell864","Cell864","Batch1","Group1",57505.7756033804
"Cell865","Cell865","Batch1","Group1",58375.0801530362
"Cell866","Cell866","Batch1","Group1",74001.5541899931
"Cell867","Cell867","Batch1","Group1",47406.7922365593
"Cell868","Cell868","Batch1","Group1",53555.3659070892
"Cell869","Cell869","Batch1","Group1",80629.8321283183
"Cell870","Cell870","Batch1","Group1",78569.0514760113
"Cell871","Cell871","Batch1","Group1",75557.0220248751
"Cell872","Cell872","Batch1","Group1",83475.1940176388
"Cell873","Cell873","Batch1","Group2",62367.912289367
"Cell874","Cell874","Batch1","Group1",53296.357201253
"Cell875","Cell875","Batch1","Group2",66905.7915332228
"Cell876","Cell876","Batch1","Group1",73994.3949327232
"Cell877","Cell877","Batch1","Group1",97025.2617793435
"Cell878","Cell878","Batch1","Group1",40416.9097059956
"Cell879","Cell879","Batch1","Group2",63237.1447335559
"Cell880","Cell880","Batch1","Group1",68251.7884141301
"Cell881","Cell881","Batch1","Group1",59223.8889435548
"Cell882","Cell882","Batch1","Group3",43845.8586728132
"Cell883","Cell883","Batch1","Group1",69445.6824440162
"Cell884","Cell884","Batch1","Group1",51235.2398066652
"Cell885","Cell885","Batch1","Group2",66248.7780908117
"Cell886","Cell886","Batch1","Group3",71790.708688034
"Cell887","Cell887","Batch1","Group1",77403.8192050474
"Cell888","Cell888","Batch1","Group1",43845.4943248835
"Cell889","Cell889","Batch1","Group1",74335.8315596979
"Cell890","Cell890","Batch1","Group1",51462.245906213
"Cell891","Cell891","Batch1","Group1",46267.5488343683
"Cell892","Cell892","Batch1","Group2",77875.3019292909
"Cell893","Cell893","Batch1","Group1",75301.2485494862
"Cell894","Cell894","Batch1","Group1",57038.5906372035
"Cell895","Cell895","Batch1","Group2",69696.6924300658
"Cell896","Cell896","Batch1","Group2",50409.4961363555
"Cell897","Cell897","Batch1","Group1",58092.606742849
"Cell898","Cell898","Batch1","Group1",58762.2754051852
"Cell899","Cell899","Batch1","Group1",56604.9654475821
"Cell900","Cell900","Batch1","Group2",69342.9489584168
"Cell901","Cell901","Batch1","Group3",81427.26991268
"Cell902","Cell902","Batch1","Group1",54657.7222538712
"Cell903","Cell903","Batch1","Group2",59484.3367827225
"Cell904","Cell904","Batch1","Group1",83062.7370920693
"Cell905","Cell905","Batch1","Group1",56060.7725780452
"Cell906","Cell906","Batch1","Group1",35567.6702745945
"Cell907","Cell907","Batch1","Group2",66356.4838748536
"Cell908","Cell908","Batch1","Group3",50146.6202239338
"Cell909","Cell909","Batch1","Group2",49035.1329327312
"Cell910","Cell910","Batch1","Group1",79551.7762878863
"Cell911","Cell911","Batch1","Group1",97694.4081414923
"Cell912","Cell912","Batch1","Group1",48632.3142751384
"Cell913","Cell913","Batch1","Group2",73585.629650049
"Cell914","Cell914","Batch1","Group1",58757.2854704715
"Cell915","Cell915","Batch1","Group1",61596.5715824744
"Cell916","Cell916","Batch1","Group3",76454.2147231853
"Cell917","Cell917","Batch1","Group1",62488.3178396516
"Cell918","Cell918","Batch1","Group1",50499.9148552739
"Cell919","Cell919","Batch1","Group1",54497.942358649
"Cell920","Cell920","Batch1","Group1",68680.9433982808
"Cell921","Cell921","Batch1","Group2",37526.796632175
"Cell922","Cell922","Batch1","Group1",74536.847273374
"Cell923","Cell923","Batch1","Group1",43764.1374032837
"Cell924","Cell924","Batch1","Group2",60137.3392259744
"Cell925","Cell925","Batch1","Group1",57637.472793184
"Cell926","Cell926","Batch1","Group1",77545.0159131131
"Cell927","Cell927","Batch1","Group1",62178.8297460162
"Cell928","Cell928","Batch1","Group1",61107.3741042361
"Cell929","Cell929","Batch1","Group1",68845.9832439619
"Cell930","Cell930","Batch1","Group2",50746.4573604414
"Cell931","Cell931","Batch1","Group2",57573.6472393253
"Cell932","Cell932","Batch1","Group1",75774.4832795756
"Cell933","Cell933","Batch1","Group2",68644.3924164763
"Cell934","Cell934","Batch1","Group1",46392.8512589425
"Cell935","Cell935","Batch1","Group3",68022.3273387404
"Cell936","Cell936","Batch1","Group1",45455.1804804948
"Cell937","Cell937","Batch1","Group1",53121.5434296396
"Cell938","Cell938","Batch1","Group2",76281.3743534924
"Cell939","Cell939","Batch1","Group2",38169.4587216161
"Cell940","Cell940","Batch1","Group1",41948.4667525202
"Cell941","Cell941","Batch1","Group3",77673.8970464469
"Cell942","Cell942","Batch1","Group1",50870.6514134779
"Cell943","Cell943","Batch1","Group1",76783.219849173
"Cell944","Cell944","Batch1","Group1",57892.8958909166
"Cell945","Cell945","Batch1","Group1",65222.1970594006
"Cell946","Cell946","Batch1","Group1",70449.8070094654
"Cell947","Cell947","Batch1","Group1",52562.4689572636
"Cell948","Cell948","Batch1","Group1",56335.592916174
"Cell949","Cell949","Batch1","Group1",55104.1641155767
"Cell950","Cell950","Batch1","Group1",105157.747114219
"Cell951","Cell951","Batch1","Group1",61403.9481275452
"Cell952","Cell952","Batch1","Group1",65812.1719745935
"Cell953","Cell953","Batch1","Group3",55929.614307836
"Cell954","Cell954","Batch1","Group1",57047.633397092
"Cell955","Cell955","Batch1","Group1",78885.3596438384
"Cell956","Cell956","Batch1","Group3",55950.5344566723
"Cell957","Cell957","Batch1","Group1",60115.7566808723
"Cell958","Cell958","Batch1","Group1",64562.7199626312
"Cell959","Cell959","Batch1","Group1",54921.2297335571
"Cell960","Cell960","Batch1","Group1",88593.4167898888
"Cell961","Cell961","Batch1","Group1",44995.0641668626
"Cell962","Cell962","Batch1","Group1",89523.6930432406
"Cell963","Cell963","Batch1","Group1",55808.5086897556
"Cell964","Cell964","Batch1","Group1",78544.7597654469
"Cell965","Cell965","Batch1","Group3",40141.44086915
"Cell966","Cell966","Batch1","Group1",72490.8861225066
"Cell967","Cell967","Batch1","Group1",71345.2646640931
"Cell968","Cell968","Batch1","Group1",46432.5780821875
"Cell969","Cell969","Batch1","Group2",51345.6358948023
"Cell970","Cell970","Batch1","Group1",62237.0007417152
"Cell971","Cell971","Batch1","Group2",75264.7431559763
"Cell972","Cell972","Batch1","Group1",51369.5127955121
"Cell973","Cell973","Batch1","Group2",57249.5350616338
"Cell974","Cell974","Batch1","Group1",81983.1803066729
"Cell975","Cell975","Batch1","Group1",47788.0339721471
"Cell976","Cell976","Batch1","Group1",72370.8444385816
"Cell977","Cell977","Batch1","Group3",65496.6082504677
"Cell978","Cell978","Batch1","Group1",47994.2789521065
"Cell979","Cell979","Batch1","Group1",52387.664462009
"Cell980","Cell980","Batch1","Group1",70028.3544131383
"Cell981","Cell981","Batch1","Group1",62930.856484478
"Cell982","Cell982","Batch1","Group2",79619.9250727733
"Cell983","Cell983","Batch1","Group3",53084.6563359363
"Cell984","Cell984","Batch1","Group1",42493.3325200509
"Cell985","Cell985","Batch1","Group3",73833.3189724882
"Cell986","Cell986","Batch1","Group2",53012.1110238161
"Cell987","Cell987","Batch1","Group1",61332.6805932187
"Cell988","Cell988","Batch1","Group1",84441.0015325758
"Cell989","Cell989","Batch1","Group1",56949.3291706765
"Cell990","Cell990","Batch1","Group1",81626.6487519181
"Cell991","Cell991","Batch1","Group1",48077.6201375777
"Cell992","Cell992","Batch1","Group1",72049.0378359959
"Cell993","Cell993","Batch1","Group1",62903.6734474916
"Cell994","Cell994","Batch1","Group1",51670.6753751548
"Cell995","Cell995","Batch1","Group1",46351.0030817748
"Cell996","Cell996","Batch1","Group2",60799.0068258022
"Cell997","Cell997","Batch1","Group1",63009.0063120781
"Cell998","Cell998","Batch1","Group1",63290.4269328427
"Cell999","Cell999","Batch1","Group2",66660.7234372136
"Cell1000","Cell1000","Batch1","Group1",54606.2097420077
