,V2,xcoord,ycoord,V5,V6
TATGATTCTGCTTGGT-1,1,5,35,1363,3541
TTACGGTGTCACCGAG-1,1,5,37,1363,3644
TGAGCAGTCGTGAAGT-1,1,5,39,1362,3747
GTGTATGACTTTAAAG-1,1,5,41,1362,3850
TGTACTGTGCCAAAGT-1,1,5,43,1361,3954
GTCAATTGTACTGAAG-1,1,5,45,1361,4057
AGCTTATAGAGACCTG-1,1,5,47,1360,4160
AACTTTAGCTGCTGAG-1,1,5,49,1360,4263
GGCATCAACGAGCACG-1,1,5,51,1359,4366
TTATAGATGCACATTA-1,1,5,53,1359,4469
TGCTATACAAACGGAC-1,1,5,55,1358,4572
TATTCCGGCAGTCCTA-1,1,5,57,1358,4675
ATGTGTAGTTTAGTCA-1,1,5,59,1357,4778
AAGTTTACTAATGGCA-1,1,5,61,1357,4882
CTGGCTCCTGCGGGAT-1,1,7,27,1544,3129
GTATGACGTGGGAAAC-1,1,7,29,1544,3233
GCAGCGGTGGGCATTA-1,1,7,31,1543,3336
TATGGAGTTTCTCGTT-1,1,6,32,1453,3387
ACTCAACGAATGTATT-1,1,7,33,1543,3439
AACACGCGGCCGCGAA-1,1,6,34,1453,3490
CGATATTAGCCGCAGG-1,1,7,35,1542,3542
AGCGTCTGAACCCGCA-1,1,6,36,1452,3593
GATGTCCGGATCACAT-1,1,7,37,1542,3645
GGTCACGTTAGATTCA-1,1,6,38,1452,3696
TTAAGGATACGGAGGT-1,1,7,39,1541,3748
GTGCGGGACCATCGGC-1,1,6,40,1452,3799
CCATCTTGTTCACAAT-1,1,7,41,1541,3851
TCCGAGAAGGCTAAGC-1,1,6,42,1451,3902
TGGCGGTGTGCGATTG-1,1,7,43,1541,3954
ATCCTGCTGCAGATAG-1,1,6,44,1451,4005
TTATGCGTCCCGGTCC-1,1,7,45,1540,4057
CATAATGAGCGGGCGA-1,1,6,46,1450,4109
AGACATAGATCCTTCC-1,1,7,47,1540,4161
GGTGAAACCGGGAATG-1,1,6,48,1450,4212
AACTGGTGTGGGCCTT-1,1,7,49,1539,4264
GTAGCGCTGTTGTAGT-1,1,6,50,1449,4315
TTGTTTGTGTAAATTC-1,1,7,51,1539,4367
GGATCAAAGGACGAGG-1,1,6,52,1449,4418
CGTAGCGCCGACGTTG-1,1,7,53,1538,4470
CAAGTGAACTTTGGTT-1,1,6,54,1448,4521
GTAGACAACCGATGAA-1,1,7,55,1538,4573
CAATGGTCGGCCTGGG-1,1,6,56,1448,4624
ACAGATTAGGTTAGTG-1,1,7,57,1537,4676
GTTATCACCTTCTGAA-1,1,6,58,1447,4727
TGGTATCGGTCTGTAT-1,1,7,59,1537,4779
GGAATAACCTCAAGAA-1,1,6,60,1447,4830
ATTATCTCGACAGATC-1,1,7,61,1536,4882
CCGAGGGATGTTAGGC-1,1,6,62,1447,4933
TGAGATCAAATACTCA-1,1,7,63,1536,4985
AAACGAAGAACATACC-1,1,6,64,1446,5037
CTGGTCCTAACTTGGC-1,1,7,65,1536,5089
TGCACGAGTCGGCAGC-1,1,6,66,1446,5140
ATAGTCTTTGACGTGC-1,1,7,67,1535,5192
TGGAGCTAAAGTTCCC-1,1,6,68,1445,5243
GGGTGGTCCAGCCTGT-1,1,7,69,1535,5295
CATGCATGGAGACCCT-1,1,6,70,1445,5346
ACACGGCACTATGCAT-1,1,7,71,1534,5398
CCCTGGTATGGGCGGC-1,1,6,72,1444,5449
GGAGGATTGAAAGGAG-1,1,7,73,1534,5501
CCGCTGGTGCCATTCA-1,1,6,74,1444,5552
GTTAGAGTGTGCCGCT-1,1,7,75,1533,5604
TCGGAATGACCATCAA-1,1,6,76,1443,5655
TTCAATTAGCCATAAT-1,1,7,77,1533,5707
GATGTGTTGTCACAAG-1,1,6,78,1443,5758
TCTTTCTCTTAAGGAG-1,1,7,79,1532,5810
ACCCTTTAGTTCTCCA-1,1,6,80,1442,5861
ACCACAACTCAGAACA-1,1,7,81,1532,5913
TATGATAAATCTAACG-1,1,6,82,1442,5965
GATCCTCTTGCGCTTA-1,1,7,83,1531,6017
GAAATACCTGCTGGCT-1,1,7,85,1531,6120
GGATTAAGCTAAGGTC-1,1,7,87,1531,6223
GGGTAATGCTGTGTTT-1,1,9,21,1725,2821
TGTCGGCATGGTGGAA-1,1,9,23,1725,2924
ATACTCTCGCCACTCT-1,1,9,25,1724,3027
AATCCATGCAAGGGTG-1,1,8,26,1634,3078
TTAAACAGAGTCCCGC-1,1,9,27,1724,3130
CCACAGCTGAAATCAT-1,1,8,28,1634,3181
CGGTTCCGGCTTCTTG-1,1,9,29,1723,3233
GACGTGAGACTCCATG-1,1,8,30,1633,3284
TCGTTGGCTCGTCAAT-1,1,9,31,1723,3336
GGTGAACGGGCTAGCC-1,1,8,32,1633,3388
GCACTGTGCAAATGTA-1,1,9,33,1722,3440
ACGAGAACCCATCACG-1,1,8,34,1632,3491
CCAGCTACGCCTCATA-1,1,9,35,1722,3543
TCCCGGTCAGGAATTT-1,1,8,36,1632,3594
TCGCATTCAATGACTT-1,1,9,37,1721,3646
CTGGTTCAACGCATCA-1,1,8,38,1631,3697
GGTGATTTCATCTTGT-1,1,9,39,1721,3749
CACCCTTTCCTCGCTC-1,1,8,40,1631,3800
CAACTTGTAGTGGGCA-1,1,9,41,1720,3852
AATATCAAGGTCGGAT-1,1,8,42,1631,3903
TTGGAGTCTCCCTTCT-1,1,8,44,1630,4006
TGGGCACAAACAGAAC-1,1,8,46,1630,4109
TCGATAGGCTAGTCGC-1,1,8,48,1629,4212
TAACCGCCCGCAGTGC-1,1,9,49,1719,4264
GCCTATTTGCTACACA-1,1,8,50,1629,4316
TTGACGATTCAGCACG-1,1,9,51,1718,4368
TTAAACCGGTAGCGAC-1,1,8,52,1628,4419
ACCGAAAGGGCCCTGC-1,1,9,53,1718,4471
ACGTTCCGCGCTCCGT-1,1,8,54,1628,4522
ATACCAGGCTAATAGA-1,1,9,55,1717,4574
CGGCTTTGTATGATAA-1,1,8,56,1627,4625
CGCAGAAACATTTGCG-1,1,8,58,1627,4728
GACCCGTCGCCGGCTA-1,1,9,59,1716,4780
AATCGGGACACTACGA-1,1,8,60,1626,4831
GTCACAAAGTTTCCAA-1,1,9,61,1716,4883
TATATTCGCGTCGATA-1,1,8,62,1626,4934
CCTCCCGACAATCCCT-1,1,9,63,1715,4986
CGACATGCGATCTTCT-1,1,8,64,1625,5037
AACACGACTGTACTGA-1,1,9,65,1715,5089
CCCAACCACACTAACA-1,1,8,66,1625,5140
CACCGCCGACCAGCGA-1,1,9,67,1714,5192
TGGTATCGCATCCCAA-1,1,8,68,1625,5244
AACCCTGGTGGAACCA-1,1,8,70,1624,5347
GATGTCGGTCAACTGC-1,1,9,73,1713,5502
AGGGCAGCGGCGTGGT-1,1,8,74,1623,5553
ACATCGTTAACCTAGT-1,1,9,75,1713,5605
TCCATTGTGACCTCGT-1,1,8,76,1623,5656
TGTTTAATACTTCATC-1,1,9,77,1712,5708
TTGCTGGCCGGGCTTC-1,1,8,78,1622,5759
CATATTATTTGCCCTA-1,1,9,79,1712,5811
GACTACAATTGCTCGT-1,1,8,82,1621,5965
AACGTGATGAAGGACA-1,1,9,83,1711,6017
ACTCTCTTATACACGA-1,1,8,84,1621,6068
CGCATCATGGCTTCAG-1,1,9,85,1710,6120
CGGCTCTTCGTCGAAC-1,1,8,86,1620,6172
ATTCTTCGTACTTATG-1,1,9,87,1710,6224
AGTGAGGGTTTCTGAC-1,1,8,88,1620,6275
GCCAGGCGTTCGCATG-1,1,9,89,1709,6327
GACTAACACAGCACCT-1,1,8,90,1620,6378
CAATGGAATCTACATA-1,1,9,91,1709,6430
GTGGTCAGCGAAGTAT-1,1,8,92,1619,6481
ATGGCTGGAAATGGCC-1,1,9,93,1709,6533
TATCACCATGTAAAGT-1,1,9,95,1708,6636
TGCGTGATTGGGTGTC-1,1,11,17,1905,2615
CACATGTTTGGACATG-1,1,10,18,1815,2667
TTCGCATCCGGAAGCA-1,1,11,19,1905,2719
CCCTAGTGTCAGGTGT-1,1,10,20,1815,2770
TTACCGCCTTAGGGAA-1,1,11,21,1904,2822
CCAGTCCATTATTCGA-1,1,10,22,1814,2873
CGTAAACGCTTGAGTG-1,1,11,23,1904,2925
ATTCCTTCCAGGCGGT-1,1,10,24,1814,2976
TTCCTTTCTGTGTTGC-1,1,11,25,1904,3028
AGTTGACATCGGCTGG-1,1,10,26,1814,3079
AACTCGATGGCGCAGT-1,1,11,27,1903,3131
GATAAGGCAGATGCAA-1,1,10,28,1813,3182
GGCTGGCTAGCTTAAA-1,1,11,29,1903,3234
CCTCATGCAGCTACGA-1,1,10,30,1813,3285
GACGCCTGTTGCAGGG-1,1,11,31,1902,3337
TAATTAGATGGATATG-1,1,10,32,1812,3388
GAGGGCATCGCGTATC-1,1,11,33,1902,3440
CTTGTGAGTCTTTGAC-1,1,10,34,1812,3492
TCAACACATTGGGTAA-1,1,11,35,1901,3543
ACTGTATACGCGAGCA-1,1,10,36,1811,3595
GTGAAACGTGCTCCAC-1,1,11,37,1901,3647
CGAGTGCTATAGTTCG-1,1,10,38,1811,3698
GTACTGCATGAAGCGT-1,1,11,39,1900,3750
GTAACTTGCGGCAGTC-1,1,10,40,1810,3801
GAATCGCCGGACACGG-1,1,11,41,1900,3853
GGGAGTAATGGCTGGC-1,1,10,42,1810,3904
CATGAACCGACATTTG-1,1,11,43,1899,3956
GTACTGAGGTCGTAAC-1,1,11,47,1898,4162
AAAGACCCAAGTCGCG-1,1,10,48,1809,4213
CGTCAGTGCGCACAAG-1,1,11,49,1898,4265
TGTATCCTTATTCCAT-1,1,10,50,1808,4316
ATTCTCGTCTCTTTAG-1,1,11,51,1898,4368
AAAGTCACTGATGTAA-1,1,10,52,1808,4420
TGTCTACAGTTTCTGT-1,1,11,53,1897,4471
TTAACGTCGCAAGACC-1,1,10,54,1807,4523
CTATGTCTATTGAAAC-1,1,11,55,1897,4575
TCGGGTGAAACTGCTA-1,1,10,56,1807,4626
ACAGCATAGAGCCAGT-1,1,10,58,1806,4729
ATATTCCCACAGGTCA-1,1,11,59,1896,4781
TTGGATCGACTTCTGG-1,1,10,60,1806,4832
CACCATCGGAGGAGAC-1,1,11,61,1895,4884
TCGTTCGTTATTATGT-1,1,10,62,1805,4935
CTTAACTTCGAAGTAC-1,1,11,63,1895,4987
GCACAAGTGTCGGAAG-1,1,10,64,1805,5038
TACCAGCTAGGTTTAA-1,1,11,65,1894,5090
ACGTACAGATTTCTCT-1,1,10,66,1804,5141
AATTTGGTTCCAAAGA-1,1,11,67,1894,5193
GTAAGGATTTGTCGGA-1,1,10,68,1804,5244
TAGATCCGAAGTCGCA-1,1,10,72,1803,5451
TGAAACTTATGCAAGC-1,1,11,73,1893,5503
GCGATTCTGGAAGCAG-1,1,10,74,1803,5554
CAAACTATTGAGCTTC-1,1,11,75,1892,5606
TAGAATTAAGGGCAAC-1,1,10,76,1802,5657
CGAAACATAGATGGCA-1,1,11,77,1892,5709
GATGGTGCCCTAGGCA-1,1,10,78,1802,5760
CCCGCAGGGCCCAAAG-1,1,11,79,1891,5812
ACAGCGCACCCGCAGC-1,1,10,80,1801,5863
GGTAAATGTGCGTTAC-1,1,11,81,1891,5915
GTCCTTCTAGTGGGTT-1,1,10,82,1801,5966
GGAAGCTCGCTTACAG-1,1,11,83,1890,6018
CACCGATACACCGAGC-1,1,10,84,1800,6069
CAGCCGGGCCCTCTAT-1,1,11,85,1890,6121
CGGAGCTTATAACACC-1,1,10,86,1800,6172
ATTACAACTACCGGCC-1,1,11,87,1889,6224
TCCTCTGGCCCATTAG-1,1,10,88,1799,6275
CGGCACCGTTAGCGCC-1,1,11,89,1889,6327
TCGGTCCCTGACTCCA-1,1,10,90,1799,6379
TGGTTGGAGGATCCTG-1,1,11,91,1888,6431
CTGCGGTAGTCACGTG-1,1,10,92,1798,6482
GTGCCTCAGTGTACGG-1,1,11,93,1888,6534
ATCGTTCACTTTCGCC-1,1,10,94,1798,6585
ACTTACCGGGCGCGCA-1,1,11,95,1888,6637
CTAGACTGCATTTCGT-1,1,10,96,1798,6688
TTGCCGGTGATCCCTC-1,1,11,97,1887,6740
CGGTATAGGTATTAGC-1,1,11,99,1887,6843
CGTCGCGGCGGGATTT-1,1,12,14,1996,2461
CATTGTGTGCTAGATC-1,1,13,15,2085,2513
CGCGGCAGTATTACGG-1,1,12,16,1995,2564
GAAATGGGATGTAAAC-1,1,13,17,2085,2616
CATTCCCTAAGTACAA-1,1,12,18,1995,2667
AGTTCTGCGTTGTATC-1,1,13,19,2084,2719
ACCCTATAGGACTGAG-1,1,12,20,1994,2771
TTAGATAGGTCGATAC-1,1,13,21,2084,2822
ATTGATAGCAACGAGA-1,1,12,22,1994,2874
TCTCGGCTCCAGGACT-1,1,13,23,2083,2926
CTTGAGGTTATCCCGA-1,1,12,24,1993,2977
AAGAAGGATCAGTTAG-1,1,13,25,2083,3029
GTACGACGGCGCTGCG-1,1,12,26,1993,3080
CGGCACTCAAGAAAGT-1,1,12,28,1993,3183
GTCAAAGTTTACATAG-1,1,13,29,2082,3235
CTCCTAAGTTATGTCT-1,1,12,30,1992,3286
ACTGTGCTAGTAGATC-1,1,13,31,2082,3338
GTTTGGCCGCTCAGCG-1,1,12,32,1992,3389
TTATCCAATCGAACTC-1,1,13,33,2081,3441
CCGTACCCAAGCGCCA-1,1,12,34,1991,3492
CATACAAAGCCGAACC-1,1,13,35,2081,3544
GGTCGGTAATTAGACA-1,1,12,36,1991,3595
AGCGGGAAGGGTCCAT-1,1,13,37,2080,3647
GCCCACCAAGGCTGTC-1,1,12,38,1990,3699
GTAGACGTCGTTACAT-1,1,13,39,2080,3750
GAGCATCATCCCTGGG-1,1,12,40,1990,3802
AGGTAACCTCCTATTC-1,1,13,41,2079,3854
GGTTTGAGTGCTGGAA-1,1,12,42,1989,3905
GCACTAGTCGCGCTAT-1,1,13,43,2079,3957
GCGGTCCCTAGACGCA-1,1,13,45,2078,4060
AATCCAAGGGCCTGAG-1,1,13,47,2078,4163
CCGTGCCCATGACGGC-1,1,12,48,1988,4214
GAAATTCACATCGCTG-1,1,13,49,2077,4266
CTCTGCGAAGCAAGCA-1,1,12,50,1987,4317
AGTAGGTAACATACAT-1,1,13,51,2077,4369
ATTGGGAATATCTTGG-1,1,12,52,1987,4420
TAGAGCTACGAAGAAC-1,1,13,53,2077,4472
TGCGGCATAGTTCAAC-1,1,12,54,1987,4523
CCGCCGGTCAACACAC-1,1,13,55,2076,4575
TAGTTTATTCTTGCTT-1,1,13,57,2076,4678
GATATCTCATGCAATA-1,1,12,58,1986,4730
CGTTTAAGCGGAGCAC-1,1,13,59,2075,4782
CATGCTGGCTCCAATT-1,1,12,60,1985,4833
GAAACAGCCATGCAGT-1,1,13,61,2075,4885
AGTTTCGCAGGTCGGA-1,1,12,62,1985,4936
CTCATGGCTCACAATC-1,1,13,63,2074,4988
AACCGTTGTGTTTGCT-1,1,12,64,1984,5039
ACCCTTCATCTGCGAA-1,1,13,65,2074,5091
TGCGGTGAAATTTCAT-1,1,12,66,1984,5142
CAAATTGTCAGCAAGC-1,1,13,67,2073,5194
GAGGTACATCCATCTT-1,1,12,68,1983,5245
AAATGGCATGTCTTGT-1,1,13,69,2073,5297
TCATCCCAGAGGGTGG-1,1,12,70,1983,5348
CGTAGCGAATTGTCAG-1,1,13,71,2072,5400
CCTAGTTAGTCGCATG-1,1,12,72,1982,5451
GAAACTCTAATGAAGG-1,1,13,73,2072,5503
TTGTATCACACAGAAT-1,1,12,74,1982,5555
TTCAAGCCGAGCTGAG-1,1,13,75,2071,5606
AGGTACGATATTGCCA-1,1,12,76,1982,5658
TTAAGCCGACAACTTC-1,1,13,77,2071,5710
GTCTTAGTACAGCCGG-1,1,12,78,1981,5761
TGGGTAAGGTTCCCGC-1,1,13,79,2071,5813
CTACGCCATTTCCGAT-1,1,12,80,1981,5864
GACCGTCAGGTCGTGA-1,1,13,81,2070,5916
TAGTTAAGATAGGATA-1,1,12,82,1980,5967
GAATATTCGGAGTCCC-1,1,13,83,2070,6019
CAAACTACGATAGAGA-1,1,12,84,1980,6070
CAGGAAGACTTTATAT-1,1,13,85,2069,6122
TTCGTAATCCCAGCGG-1,1,12,86,1979,6173
GTGAGGAGCGGTTGAG-1,1,13,87,2069,6225
CAATCCCTATACCAGC-1,1,12,88,1979,6276
AACTCCTAATCCCATG-1,1,12,92,1978,6482
GCTCATTACTGCATGT-1,1,13,93,2067,6534
TCTCGAACGAGGTCAC-1,1,12,94,1977,6586
TCACTACGACCAATGC-1,1,13,95,2067,6638
GTGATGCACAACATCT-1,1,12,96,1977,6689
CCGACGTAAACACAAC-1,1,13,97,2066,6741
TGGGATGCACTCATTC-1,1,12,98,1977,6792
TTCCATCATGCGGTGA-1,1,13,99,2066,6844
TGCACAGTGAAGTTAT-1,1,12,100,1976,6895
CTATTGTGTTTGGTCA-1,1,13,101,2066,6947
TTGAAAGGTGTAAAGG-1,1,13,103,2065,7050
TAGTCCGTATGCATAA-1,1,15,13,2265,2411
CACTTCGTCTTATCTC-1,1,14,14,2175,2462
CATCCGCAGGCCCGAA-1,1,15,15,2265,2514
CCCTGATGTAACTCGT-1,1,14,16,2175,2565
CCATAGTCAGTAACCC-1,1,15,17,2264,2617
CGGGCCATAGCCGCAC-1,1,14,18,2174,2668
CTCCGGCTTGTAGACA-1,1,15,19,2264,2720
AACTTGCGTTCTCGCG-1,1,14,20,2174,2771
AATGAGTTCGCATATG-1,1,15,21,2263,2823
CGAGGCCAGGCATTGG-1,1,14,22,2173,2874
TCTGCGTCCGGTTTCT-1,1,15,23,2263,2926
CAATCCTGCCGTGGAG-1,1,14,24,2173,2978
CTGAGCAAGTAACAAG-1,1,15,25,2262,3030
GGGTACCCACGGTCCT-1,1,14,26,2172,3081
ACGGAATTTAGCAAAT-1,1,15,27,2262,3133
GGGCGGTCCTATTGTC-1,1,14,28,2172,3184
ATGTTACGAGCAATAC-1,1,15,29,2261,3236
AACCATGGGATCGCTA-1,1,14,30,2171,3287
TCGCATCCCTAAGTGT-1,1,15,31,2261,3339
ACTTAGTACGACAAGA-1,1,14,32,2171,3390
GAGCTCTCGGACCTAA-1,1,15,33,2260,3442
AGATACGACTTCATAT-1,1,15,35,2260,3545
CGCTATACCGCCCACT-1,1,14,36,2170,3596
CAGTGTCCGCAGAATG-1,1,15,37,2260,3648
CCATCCATACCAAGTC-1,1,14,38,2170,3699
AACCCAGAGACGGAGA-1,1,15,39,2259,3751
GAAGAACGGTGCAGGT-1,1,14,40,2169,3802
GATAAATCGGTGGATG-1,1,15,41,2259,3854
CAGCTCGTGCTTGTGT-1,1,14,42,2169,3906
GAGTACGGGTATACAA-1,1,15,43,2258,3957
CATCGCCCGCGGCCAA-1,1,14,44,2168,4009
TCTTACAGAGGTACCG-1,1,15,45,2258,4061
TGGAAGACGAACACCA-1,1,14,46,2168,4112
GTTGTCGTGTTAGTTG-1,1,15,47,2257,4164
CCAAGGAACAGAGAGG-1,1,14,48,2167,4215
CTGCACCTGGAACCGC-1,1,15,49,2257,4267
CGCTTTCATACCGGTG-1,1,14,50,2167,4318
GTTCTTCCCTCGATGT-1,1,15,51,2256,4370
ATTTAACTCGTATTAC-1,1,14,52,2166,4421
AACGATAGAAGGGCCG-1,1,15,53,2256,4473
TATCCTGCATGGGAAT-1,1,14,54,2166,4524
AGGCCCATTGTACAGG-1,1,15,55,2255,4576
CCGGCGCATATTGGAT-1,1,14,56,2166,4627
ATCTGTAATTGTACCC-1,1,15,57,2255,4679
GAGCGAGGGAGTACCG-1,1,14,58,2165,4730
TTATTAGGGAAGCATC-1,1,15,59,2255,4782
CTTCTTACGTCGTATA-1,1,14,60,2165,4834
GAAGTGCTGGATAGCT-1,1,15,61,2254,4885
GTGCAACAAATGTGGC-1,1,14,62,2164,4937
CATGCGTTAGACAGAA-1,1,15,63,2254,4989
ACACACTTTCTACACG-1,1,14,64,2164,5040
AGCCCTAAGCGAAGTT-1,1,15,65,2253,5092
ATTAATTCGGTCACTC-1,1,14,66,2163,5143
AACAGGAAATCGAATA-1,1,15,67,2253,5195
ACGTTTAGTTGTGATC-1,1,14,68,2163,5246
TCCTTCAGTGGTCGAA-1,1,15,69,2252,5298
CGAACGCCCAGTGCCG-1,1,14,70,2162,5349
CCTCGAAGTGGACGGG-1,1,15,71,2252,5401
CTCTGTTTGAGGATTC-1,1,14,72,2162,5452
TGGGCACGTTCTATGG-1,1,15,73,2251,5504
ACTATTCGTCCGTGGT-1,1,14,74,2161,5555
CCTCTGGCCTAGACGG-1,1,15,75,2251,5607
CCATAAACAACCCGAC-1,1,14,76,2161,5658
CATAGTACATTGAGAG-1,1,15,77,2250,5710
ATTTCATTATTTCGCG-1,1,14,78,2161,5762
CAACTATATCGAATGC-1,1,15,79,2250,5813
CTAGTATTCGGAATTA-1,1,14,80,2160,5865
GTGGAACCTACATGCG-1,1,15,81,2250,5917
CCTAAAGGCTGACGCT-1,1,14,82,2160,5968
CGTGACATTGGGTCGT-1,1,15,83,2249,6020
CCAATCGGTAGATCGA-1,1,14,84,2159,6071
ATTGTCGCAATACCTT-1,1,15,85,2249,6123
AAATTACACGACTCTG-1,1,14,86,2159,6174
CACTCCTCTCGGTCGG-1,1,15,87,2248,6226
AAATAACCATACGGGA-1,1,14,88,2158,6277
AGTTACTCTATCGTGG-1,1,15,89,2248,6329
GAATGTATGGCAGGTC-1,1,15,91,2247,6432
GCAACCACCAGACCGG-1,1,14,92,2157,6483
TCACTCGTGCAACGGC-1,1,15,93,2247,6535
AAACAGAGCGACTCCT-1,1,14,94,2157,6586
CAGCCTCTCCTCAAGA-1,1,15,95,2246,6638
TTGCGTGAACGCTTAG-1,1,14,96,2156,6690
CCGCCTGCGAATTGGT-1,1,15,97,2246,6741
AGATGAGGGTTGCGAT-1,1,14,98,2156,6793
CGGTGGGCTCCAGCCT-1,1,15,99,2245,6845
GGCAGCGGTAATCCTA-1,1,14,100,2155,6896
GCTAGCAGGGAGTGGG-1,1,15,101,2245,6948
CTCAAGACATTAGCGC-1,1,14,102,2155,6999
CACGGCGCGCCAAAGG-1,1,15,103,2244,7051
TGCAATTTGGGCACGG-1,1,14,104,2155,7102
ATGCCAATCGCTCTGC-1,1,15,105,2244,7154
CGTCAGCTATTTACTC-1,1,17,11,2445,2309
ATCTGATAGTGTCTTA-1,1,16,12,2355,2360
TGCACTATGTGAGTGC-1,1,17,13,2444,2412
CCGACAAACACATGAG-1,1,16,14,2355,2463
GCCTTGTATATGCAGT-1,1,17,15,2444,2515
ATAATACCGTTAGCCG-1,1,16,16,2354,2566
ACACTCCAATGTCACT-1,1,17,17,2444,2618
AGTTGCTGACTGATAT-1,1,16,18,2354,2669
GGCGCTCCTCATCAAT-1,1,17,19,2443,2721
TGCCTGACATCGGTCA-1,1,16,20,2353,2772
TTGGCCATCTTGCGCT-1,1,17,21,2443,2824
CAGTGGTTGCACATGA-1,1,16,22,2353,2875
AGAATTGTTTGACATA-1,1,17,23,2442,2927
AAATGCTCGTTACGTT-1,1,16,24,2352,2978
CACCTAATAGAGTCGT-1,1,17,25,2442,3030
CATTTCTAGCAGACTA-1,1,16,26,2352,3081
CCGAAAGTGGTGAGCA-1,1,17,27,2441,3133
AGTCAGCCACCGCCTG-1,1,16,28,2351,3185
TCATCACTCGAGCTCG-1,1,17,29,2441,3237
CTCAGGACTCACCTGT-1,1,16,30,2351,3288
CGGTGTACTTGATCCC-1,1,17,31,2440,3340
CCTACGGCTCAGTCGA-1,1,16,32,2350,3391
GTACTTGGGCACTTCT-1,1,17,33,2440,3443
CCTCACCAATCTTGAC-1,1,17,35,2439,3546
GGTGAGATGCAGATAA-1,1,16,36,2350,3597
GCTAGTTTCATTGAGG-1,1,17,37,2439,3649
AGGACATCGCACGTCG-1,1,16,38,2349,3700
GTGGACGTGCTGAGAC-1,1,17,39,2439,3752
TAAGGAACTTGTGGGA-1,1,16,40,2349,3803
TCGCTGTGCGTAAATC-1,1,17,41,2438,3855
GCATCCCTAACTTTGA-1,1,16,42,2348,3906
CACCCACACGTCACCC-1,1,17,43,2438,3958
CCCTCATTCTGGAATT-1,1,16,44,2348,4009
AGGGCGTGATCGGCTA-1,1,17,45,2437,4061
GGTGCGGATAAGTGGC-1,1,16,46,2347,4113
TAATATTGAAATTCGC-1,1,17,47,2437,4165
CTTACACTGGGAAATA-1,1,16,48,2347,4216
ACCAAGAACGCGTGTC-1,1,17,49,2436,4268
GCCTTCAGCCCTACCG-1,1,16,50,2346,4319
GATGCTACAAGCGCCT-1,1,17,51,2436,4371
CCGGGACCCGCAGAGA-1,1,16,52,2346,4422
GTTCCAGTCTGACCAT-1,1,17,53,2435,4474
ATGATCGGGAATAGAC-1,1,16,54,2345,4525
TTGGATTGGGTACCAC-1,1,17,55,2435,4577
TACCTCACGCTTGTAC-1,1,16,56,2345,4628
CATGGCAGGAAGATCG-1,1,17,57,2434,4680
ATGACGCCGGCTCTAA-1,1,16,58,2344,4731
AGCGACATCCCATTCA-1,1,17,59,2434,4783
AGTAATGTCTTGCCGC-1,1,16,60,2344,4834
TTCTTAGTGGCTCAGA-1,1,17,61,2434,4886
CGTCTGGAAGGGCCCG-1,1,16,62,2344,4937
ACGTGCGCCTCGTGCA-1,1,17,63,2433,4989
AGAGCGGGCTAATCAT-1,1,16,64,2343,5041
GCGTCGAAATGTCGGT-1,1,17,65,2433,5092
AACTGATATTAGGCCT-1,1,16,66,2343,5144
CGAGCTGGGCTTTAGG-1,1,17,67,2432,5196
GGGTGTTTCAGCTATG-1,1,16,68,2342,5247
TTAATTTCAGACGCGG-1,1,17,69,2432,5299
ACTGCCGTCGTAACTC-1,1,16,70,2342,5350
GTGCACGAAAGTGACT-1,1,17,71,2431,5402
ATCTCCCTGCAATCTA-1,1,16,72,2341,5453
AGCTATTTAATCCAAC-1,1,16,74,2341,5556
CCACGAGAAGAGAATC-1,1,17,75,2430,5608
GATTCCGCGTTTCCGT-1,1,16,76,2340,5659
GTCGGATGTAGCGCGC-1,1,17,77,2430,5711
TATTTATACCGAGTAG-1,1,16,78,2340,5762
GTAGGTGATCCGTGTA-1,1,17,79,2429,5814
AGTTAAGCGGTCCCGG-1,1,16,80,2339,5865
CTGGCGACATAAGTCC-1,1,17,81,2429,5917
TTGGCCTAGAATTTCG-1,1,16,82,2339,5969
GGCATATCGGTTCTGC-1,1,17,83,2428,6020
GGGCGTCCACTGGCTC-1,1,16,84,2339,6072
TTACCCATTGCCGGGT-1,1,17,85,2428,6124
TTAGACACGATCGTTG-1,1,16,86,2338,6175
GCGCTGATCCAGACTC-1,1,17,87,2428,6227
TTCGGCAACCCGCTGA-1,1,16,88,2338,6278
GATATTTCCTACATGG-1,1,17,89,2427,6330
CTGCGTTACGATATAA-1,1,16,90,2337,6381
TAATAAACAAGGAGAT-1,1,17,91,2427,6433
AACCTTTACGACGTCT-1,1,16,92,2337,6484
AGTCCCGCCTTTAATT-1,1,17,93,2426,6536
TGAGATTAGGCCCTAA-1,1,16,94,2336,6587
AGTGTATTGCGCATTG-1,1,17,95,2426,6639
GTTGGATTCAGTGGCT-1,1,16,96,2336,6690
TAAAGCTGCAATAGGG-1,1,17,97,2425,6742
AGTAGGAAGGAAGTTG-1,1,16,98,2335,6793
TATCACTTCGAGTAAC-1,1,17,99,2425,6845
TGATCTACGCTGATCT-1,1,16,100,2335,6897
TGACACTTCTCTTTGC-1,1,16,102,2334,7000
AGCCCTTCTAATCCGA-1,1,17,103,2424,7052
CACCGCGTCCACTCTA-1,1,16,104,2334,7103
TAATTGGAATCGGGAA-1,1,17,105,2423,7155
TCGTAAGCTCCGAGGA-1,1,16,106,2334,7206
TATATTACAAATGTCG-1,1,17,107,2423,7258
CGCGAGAGGGACTTGT-1,1,16,108,2333,7309
GGACCTACGGTAACGT-1,1,17,109,2423,7361
TGAAGAGCGGTCCTAG-1,1,19,11,2624,2309
TAAACGTCGTCAATGA-1,1,18,12,2534,2360
ACGTTATTGGTCACTC-1,1,19,13,2624,2412
ATAGCCTCAGTACCCA-1,1,18,14,2534,2464
CGGGAGTATACCGCCG-1,1,19,15,2623,2516
GTCCTACAGGCGGCTC-1,1,18,16,2533,2567
CGGATAAGCGGACATG-1,1,19,17,2623,2619
AACTTCTGCGTCTATC-1,1,18,18,2533,2670
GGGTTCAGACGAACAA-1,1,19,19,2623,2722
AGTCTGGACATCCTTG-1,1,18,20,2533,2773
GAAATACTAAACGTTT-1,1,18,22,2532,2876
CCCGCGCAATGCACCC-1,1,19,23,2622,2928
TTCGGCTAGAGATGGT-1,1,18,24,2532,2979
GACACGAGTTAGAGGA-1,1,19,25,2621,3031
GAGGTCCCAAAGATCT-1,1,18,26,2531,3082
TAACTCCATGGAGGCT-1,1,19,27,2621,3134
CTTGTTTATGTAGCCA-1,1,18,28,2531,3185
GATGGCGCACACATTA-1,1,19,29,2620,3237
ATAATAGTGTAGGGAC-1,1,18,30,2530,3288
CGCTATTCAATGTATG-1,1,19,31,2620,3340
ATATTGCTGTCAAAGT-1,1,18,32,2530,3392
GGATTCAGTACGGTGG-1,1,19,33,2619,3444
TTCTTAGTGAACGGTG-1,1,18,34,2529,3495
AATGGTTCTCACAAGC-1,1,19,35,2619,3547
TATACACGCAAAGTAT-1,1,18,36,2529,3598
CTTCATAGCTCAAGAA-1,1,19,37,2618,3650
CAACGGTTCTTGATAC-1,1,18,38,2528,3701
ACACCCGAGAAATCCG-1,1,19,39,2618,3753
TCTATCATGCAGTTAC-1,1,18,40,2528,3804
CCCGCCATGCTCCCGT-1,1,19,41,2617,3856
CGCTTCCACTGAAATC-1,1,18,42,2528,3907
CACTGTCCAAGTGAGA-1,1,19,43,2617,3959
ATTACTAGCCTCTTGC-1,1,18,44,2527,4010
CATAGTAGCATAGTAG-1,1,19,45,2617,4062
CAACTCCTTGATCCCG-1,1,18,46,2527,4113
AAGTAGAAGACCGGGT-1,1,19,47,2616,4165
GCGGGAACCAGGCCCT-1,1,18,48,2526,4216
ATTAGATTGATAGCGG-1,1,19,49,2616,4268
CTCGGTCCGTAGCCTG-1,1,18,50,2526,4320
TGGCTTTGGGTAGACA-1,1,19,51,2615,4372
TATCCATATCATGCGA-1,1,18,52,2525,4423
GGAGTGCCGCCCTGGA-1,1,19,53,2615,4475
TGAGAATGCTTTACCG-1,1,18,54,2525,4526
TTAACCAACCCTCCCT-1,1,19,55,2614,4578
TGTTTCGGTACTTCTC-1,1,18,56,2524,4629
TTGCTGAAGGAACCAC-1,1,19,57,2614,4681
TATTTAGTCTAGATCG-1,1,18,58,2524,4732
CTCCGGCCTAATATGC-1,1,19,59,2613,4784
TTGTGGCCCTGACAGT-1,1,18,60,2523,4835
TCGCCGGTCGATCCGT-1,1,19,61,2613,4887
CCATAGGTTGGCGTGG-1,1,18,62,2523,4938
GAACGACCGAATGATA-1,1,19,63,2612,4990
TCCGATAATTGCCATA-1,1,18,64,2523,5041
CATTACGTCGGCCCGT-1,1,19,65,2612,5093
CAAGCACCAAATGCCT-1,1,18,66,2522,5144
TGCATGGATCGGATCT-1,1,19,67,2612,5196
GAAATCGCGCGCAACT-1,1,18,68,2522,5248
CTGAAAGAGATCCGAC-1,1,19,69,2611,5300
CACCTCGATGGTGGAC-1,1,18,70,2521,5351
ATTTGTTCCAGGGCTC-1,1,19,71,2611,5403
TGGGCCACAAGAGCGC-1,1,18,72,2521,5454
CCTTCTTGATCCAGTG-1,1,19,73,2610,5506
CCTCGCCAGCAAATTA-1,1,18,74,2520,5557
TTCATGGCGCAACAGG-1,1,19,75,2610,5609
CCTATCTATATCGGAA-1,1,19,77,2609,5712
ATTATACTTTGCTCGT-1,1,18,78,2519,5763
CGCCCGCTTCCGTACA-1,1,18,80,2519,5866
GGATTCCGCTATACCC-1,1,19,81,2608,5918
CGGTCTATCAACCCGT-1,1,18,82,2518,5969
ATGCCGGTTGATGGGA-1,1,19,83,2608,6021
TCATGCAGGTTCTCAT-1,1,18,84,2518,6072
TGAGCTTTAATGACGC-1,1,19,85,2607,6124
TCCCTTAGATTACTCG-1,1,18,86,2518,6176
ATATCTCCCTCGTTAA-1,1,19,87,2607,6228
AGCTCTTCCCAGTGCA-1,1,18,88,2517,6279
TCGCTAAACCGCTATC-1,1,19,89,2607,6331
CACATTCTTTCGATGG-1,1,18,90,2517,6382
GATATGCGGTAGCCAA-1,1,19,91,2606,6434
CGTTTCACTTCGGGCG-1,1,18,92,2516,6485
CCAATTACGGGTCGAG-1,1,19,93,2606,6537
GCAGGTAGAGTATGGT-1,1,18,94,2516,6588
GTCGTATTGGCGTACA-1,1,19,95,2605,6640
GAAATTAGCACGGATA-1,1,18,96,2515,6691
AATGCACCAAGCAATG-1,1,19,97,2605,6743
AGGACGCTCGATGTTG-1,1,18,98,2515,6794
CATCTATCCCGTGTCT-1,1,18,100,2514,6897
AAGTTCAGTCTGCGTA-1,1,18,104,2513,7104
CGAAGCTATAAATTCA-1,1,19,105,2603,7155
CGCGGTCACAAACCAA-1,1,18,106,2513,7207
GGGAATGAGCCCTCAC-1,1,19,107,2602,7259
ACGGAGCGCAAATTAC-1,1,18,108,2512,7310
CGTTCTTCGCACACCT-1,1,19,109,2602,7362
TGGACACCGTTGCTTG-1,1,20,10,2714,2258
TGCGATGCTAATGGCT-1,1,21,11,2804,2310
TTCTGTTTCCTGTCGC-1,1,20,12,2714,2361
CGTTGTAAACGTCAGG-1,1,21,13,2803,2413
GATCGGCGATAAGTCG-1,1,20,14,2713,2464
AGCCTTAAAGCGGAAG-1,1,21,15,2803,2516
TCCGTAACCACAATCC-1,1,20,16,2713,2568
GAATGCCGAAATGACC-1,1,21,17,2802,2619
TATACTCATGCGGCAA-1,1,20,18,2712,2671
TAGTGTCAGAAACGGC-1,1,21,19,2802,2723
TAGTACCTTAGTGGTC-1,1,21,21,2801,2826
AGTGTGGTCTATTGTG-1,1,21,23,2801,2929
GCTATCGCGGCGCAAC-1,1,20,24,2711,2980
CAGTAATCCCTCCCAG-1,1,21,25,2801,3032
GTATTAAGGCGTCTAA-1,1,20,26,2711,3083
CTAATTTCAACAACAC-1,1,21,27,2800,3135
TTAGCAACATGGATGT-1,1,20,28,2710,3186
ATGCTCAGTGTTGCAT-1,1,21,29,2800,3238
GATGTTTGTGCGAGAT-1,1,20,30,2710,3289
CACTTCGCCACAGGCT-1,1,21,31,2799,3341
CTGTATGGTGTAGAAA-1,1,20,32,2709,3392
TACGTGCACTATGCTG-1,1,21,33,2799,3444
GTATCAGCTTGGGTTC-1,1,20,34,2709,3495
TAACAAAGGGAGAAGC-1,1,21,35,2798,3547
TTACATCGTGGCCTGG-1,1,20,36,2708,3599
TCTGAACCGGTCGGCT-1,1,21,37,2798,3651
GGCTCGTGCCACCAGC-1,1,20,38,2708,3702
TATAAGTGAGGATAGC-1,1,21,39,2797,3754
GCCCGCGCGTTTGACA-1,1,20,40,2707,3805
TGCTGGTTGGACAATT-1,1,21,41,2797,3857
GCCTAGCGATCTGACC-1,1,20,42,2707,3908
CCATGCTCTGCAGGAA-1,1,21,43,2796,3960
TATAAATCCACAAGCT-1,1,20,44,2707,4011
CGCTCGACATAATGAT-1,1,21,45,2796,4063
CCAATTGAATGTTAAT-1,1,20,46,2706,4114
GCTAATACCGAATGCC-1,1,21,47,2796,4166
TTCAACGACCCGACCG-1,1,20,48,2706,4217
TTCCTCGAGGGTGTCT-1,1,21,49,2795,4269
CAACGACCCGTTTACA-1,1,20,50,2705,4320
CTTGTACTTGTTGACT-1,1,21,51,2795,4372
TCTCTAATAGCTGGTA-1,1,20,52,2705,4423
ATTATGCCATAGGGAG-1,1,21,53,2794,4475
GACAACGCAGCTTACG-1,1,20,54,2704,4527
AGATGACTCGCCCACG-1,1,21,55,2794,4579
GTGCGGGTCTCCAAAT-1,1,20,56,2704,4630
GTACGAGATTGCGACA-1,1,21,57,2793,4682
GTATAGGACTCAGTAG-1,1,20,58,2703,4733
TTGCACGGAGCAGCAC-1,1,21,59,2793,4785
CACAGCTAGGGAGTGA-1,1,20,60,2703,4836
ATACTAGCATGACCCT-1,1,21,61,2792,4888
CCAAGACTTCTGCGAA-1,1,20,62,2702,4939
ACATAATAAGGCGGTG-1,1,21,63,2792,4991
TAATACACAGTAGTAT-1,1,20,64,2702,5042
TCTTGGTAACACCAAA-1,1,21,65,2791,5094
AACTGGGTCCCGACGT-1,1,20,66,2701,5145
ATCACTTCATCCTCGC-1,1,21,67,2791,5197
TGGAAGGATAAAGATG-1,1,20,68,2701,5248
CATGATGCACAATTCT-1,1,21,69,2791,5300
TGCCTGATCAAACGAT-1,1,20,70,2701,5351
ATAGGGATATCCTTGA-1,1,21,71,2790,5403
CACCTAATCAGTTTAC-1,1,20,72,2700,5455
TGTGACTACGCCAGTC-1,1,21,73,2790,5507
CCCGACCATAGTCCGC-1,1,20,74,2700,5558
CGCGCCCGACTTAATA-1,1,21,75,2789,5610
TGCCACCTGGCGAAAC-1,1,20,76,2699,5661
CTGCCAAGGTTGGAAG-1,1,21,77,2789,5713
TCTCCAACGTAGGTTA-1,1,20,78,2699,5764
TTCTTGGAGTAATGAG-1,1,21,79,2788,5816
TACTCTCCGAACAAAT-1,1,21,81,2788,5919
ATCACATTAGAATATC-1,1,20,82,2698,5970
TACGGGATGCTAGCAG-1,1,21,83,2787,6022
AGCTGAAGTAAACCAA-1,1,20,84,2697,6073
CATGGGTCGGGTGTGG-1,1,21,85,2787,6125
CACCCACGAGGCAATT-1,1,20,86,2697,6176
TGCCATTACTAAAGAA-1,1,21,87,2786,6228
CCGTTACGTTAGAACA-1,1,20,88,2696,6279
GCCAGGAGTAACCGAT-1,1,21,89,2786,6331
GGAAAGTGCCCATGCC-1,1,20,90,2696,6383
TCTTACCGGAACTCGT-1,1,21,91,2785,6435
TATGTCAAGACCGACT-1,1,20,92,2696,6486
CCTAACTAAGGCTCTA-1,1,21,93,2785,6538
GCGGTGAACTGCGCTC-1,1,20,94,2695,6589
CCTCGCGCGATATAGG-1,1,21,95,2785,6641
ATCGGCAAGCAGTCCA-1,1,20,96,2695,6692
AGATCGTGCATAAGAT-1,1,21,97,2784,6744
ATTCAGGACCTATTTC-1,1,20,98,2694,6795
AGCTAGAAGCAGAAGT-1,1,21,99,2784,6847
TTCCGCAGAGAAATAT-1,1,21,101,2783,6950
GGAAACCTTGTTGAAT-1,1,20,106,2692,7207
GTGAAGCCGTATAGTC-1,1,21,107,2782,7259
GAGCTGTCGTCTCGGA-1,1,20,108,2692,7311
TGTCATTTGTTGGGAA-1,1,21,109,2781,7363
ACCAACACCACACACT-1,1,20,110,2691,7414
AAATGATTCGATCAGC-1,1,21,111,2781,7466
AACGTTATCAGCACCT-1,1,22,10,2894,2259
CATCGTCCGGTTACTA-1,1,23,11,2983,2311
AGACAGCTCAGAATCC-1,1,22,12,2893,2362
GCAGATCCTCGCAAAT-1,1,23,13,2983,2414
GGGTCATGCGTACCAT-1,1,22,14,2893,2465
CTGGTCATTCCAATCC-1,1,23,15,2982,2517
TCAGGGCGCAAACTCG-1,1,22,16,2892,2568
GATGCCAGCAGAAGGC-1,1,23,17,2982,2620
GTTATTAACGTGGGAG-1,1,22,18,2892,2671
AATACAATGTTTCAGG-1,1,23,19,2981,2723
TTGCTGCACCTATCCA-1,1,22,20,2891,2775
CCAGAGACAAAGCCGG-1,1,23,21,2981,2826
CCGAAGTATATTGTTC-1,1,22,22,2891,2878
GCTAAACCTGAGGTGA-1,1,23,23,2980,2930
TCATACTTACAGATCC-1,1,22,24,2890,2981
CGAGCACTTCAAGTTT-1,1,23,25,2980,3033
TAGCAACCTGTCACAA-1,1,22,26,2890,3084
TGGGAAATGCCTTTCC-1,1,23,27,2980,3136
AGACCATGGGATACAA-1,1,22,28,2890,3187
TAAATGAATCCGTTTC-1,1,23,29,2979,3239
ACAACGGTCCCTGCGA-1,1,22,30,2889,3290
GTCACTCTCCAAATCT-1,1,23,31,2979,3342
TTCTACTTGCGAGGGC-1,1,22,32,2889,3393
CGCAATTACTTTCGGT-1,1,23,33,2978,3445
CTGTTCATCTCACGGG-1,1,22,34,2888,3496
TTCTTGTAACCTAATG-1,1,23,35,2978,3548
GCTTGATGATAATCAG-1,1,22,36,2888,3599
TTGGCTCGCATGAGAC-1,1,23,37,2977,3651
GCCCAGTTGGTATGCC-1,1,22,38,2887,3703
ATTCCTCCGCCAGTGC-1,1,23,39,2977,3754
TCGTCCGCTGGCGTCT-1,1,22,40,2887,3806
GGAGAAGTCATTGGCA-1,1,23,41,2976,3858
TTGTTAGCAAATTCGA-1,1,22,42,2886,3909
TCTAGCATCTTCGATG-1,1,23,43,2976,3961
TTCTAGGCCAATTGTG-1,1,22,44,2886,4012
TCACGGTCATCGCACA-1,1,23,45,2975,4064
ATGAAGCCAAGGAGCC-1,1,22,46,2885,4115
AATGACTGTCAGCCGG-1,1,23,47,2975,4167
CCAAACAGAACCCTCG-1,1,22,48,2885,4218
TATCGATGATTAAACG-1,1,23,49,2974,4270
GAACACACATCAACCA-1,1,22,50,2885,4321
CCCGTCAGCGTCTGAC-1,1,23,51,2974,4373
AGCATCGTCGATAATT-1,1,22,52,2884,4424
GACTAAGATCATGCAC-1,1,23,53,2974,4476
TAGGGTGTTTCAAGAG-1,1,22,54,2884,4527
TGGTTCGTAGCAAAGG-1,1,23,55,2973,4579
CTGTTCACTGCCTGTG-1,1,22,56,2883,4630
ATGTGCATCCGACGCA-1,1,23,57,2973,4682
TTGTCGTTCAGTTACC-1,1,22,58,2883,4734
CGGGATCAATGTAAGA-1,1,23,59,2972,4786
TTATCTGTATCATAAC-1,1,22,60,2882,4837
ATCGACTCTTTCCGTT-1,1,23,61,2972,4889
CTCATTTGATGGGCGG-1,1,22,62,2882,4940
GTAAGCGGGCAGTCAG-1,1,23,63,2971,4992
TCTATCGGTCGCAACA-1,1,22,64,2881,5043
AACGCGGTCTCCAGCC-1,1,23,65,2971,5095
ATTAATACTACGCGGG-1,1,22,66,2881,5146
CTTTAACTTTCAAAGG-1,1,23,67,2970,5198
CGTACCTGATAGGCCT-1,1,22,68,2880,5249
GAATGTTGGGTAATCT-1,1,23,69,2970,5301
TGCGGAGTAAAGGTGC-1,1,22,70,2880,5352
CCTGAATATTTACATA-1,1,23,71,2969,5404
TTGCTCCCATACCGGA-1,1,22,72,2880,5455
CCTCTAATCTGCCAAG-1,1,23,73,2969,5507
AGGTTGAGGCACGCTT-1,1,22,74,2879,5558
TCCCGTCAGTCCCGCA-1,1,23,75,2969,5610
TCCGATGACTGAGCTC-1,1,22,76,2879,5662
CAGCCTCCTGCAGAGG-1,1,23,77,2968,5714
CTTAGCCTTCCACATG-1,1,22,78,2878,5765
ATTAATGAACCAGTCG-1,1,23,79,2968,5817
ACGATACATAGAACTA-1,1,22,80,2878,5868
AGCCACTCCCGTGCTT-1,1,23,81,2967,5920
ATACGGGTTTCGATTG-1,1,22,82,2877,5971
CTGTCAAATGGCTCGG-1,1,23,83,2967,6023
TAGGCATGTTACGCCA-1,1,23,85,2966,6126
TGGCAACTCGCGCGCC-1,1,22,86,2876,6177
ATCAGTAGGCAGGGAT-1,1,23,87,2966,6229
TATCGATCTATGCATA-1,1,22,88,2876,6280
CGACTCAGGATGTTAT-1,1,23,89,2965,6332
GCCATATTGCACACAG-1,1,22,90,2875,6383
AATTCATAAGGGATCT-1,1,23,91,2965,6435
CGGTAGAGGTGCAGGT-1,1,22,92,2875,6486
AATGATGATACGCTAT-1,1,23,93,2964,6538
CTTGTGCTCACCGATT-1,1,22,94,2874,6590
TTCCAATCAGAGCTAG-1,1,23,95,2964,6642
CGATGGACCCTACGCC-1,1,22,96,2874,6693
GGTCGGATAAACGGCG-1,1,23,97,2964,6745
TTAGCTAATACGATCT-1,1,22,98,2874,6796
CTCGATATTTGCGAGC-1,1,23,99,2963,6848
ATTACTTACTGGGCAT-1,1,22,100,2873,6899
CTAGCCGATGTTATGA-1,1,23,101,2963,6951
TACTGCAATCAATTAC-1,1,22,102,2873,7002
TAGTCTGTGACGTTGC-1,1,23,103,2962,7054
CAGATCATTTAAAGTC-1,1,22,108,2871,7311
CTCCTTTACGCAAGTC-1,1,23,109,2961,7363
TCCCAAACAGACAACG-1,1,22,110,2871,7414
ATCGCTGCGTGCAGCA-1,1,23,111,2960,7466
TTAGTTCAAGTGTTCG-1,1,22,112,2870,7518
AAACTCGTGATATAAG-1,1,23,113,2960,7570
CTTAAATAAGACCCAT-1,1,25,9,3163,2209
GGTTGTGCTCTTGTCC-1,1,24,10,3073,2260
GTGAGTCTAAGACGGA-1,1,25,11,3163,2312
CGCGACACTGCGCAGC-1,1,24,12,3073,2363
GCTCGCGGTTCCGCTC-1,1,25,13,3162,2415
TTAACTCACGCGTGGA-1,1,24,14,3072,2466
GGAACGGCCTGCAGCC-1,1,25,15,3162,2518
GTAGAAACGGGTGGAG-1,1,24,16,3072,2569
TAATGAAAGACCCTTG-1,1,25,17,3161,2621
AGGCTTGCTAGACACC-1,1,24,18,3071,2672
TTGCGTAGTTTGAGGA-1,1,25,19,3161,2724
CGCCCTTGAAGGCTGA-1,1,24,20,3071,2775
CCCGGTGGAAGAACCT-1,1,25,21,3160,2827
TTAACACCTCGAACAT-1,1,24,22,3070,2878
GATTCCTATACGGCGC-1,1,25,23,3160,2930
TTACCCTAACAGTCCT-1,1,24,24,3070,2982
ACCCACCTACATGCTC-1,1,25,25,3159,3033
AAAGGGCAGCTTGAAT-1,1,24,26,3069,3085
CACACAGGGATAGATT-1,1,25,27,3159,3137
AGAGCGTACAAGCTCG-1,1,24,28,3069,3188
TCTTACGGCATCCGAC-1,1,25,29,3158,3240
GCCTATTCCGATATAG-1,1,24,30,3069,3291
GAAAGTGACTAACTGC-1,1,25,31,3158,3343
CCGGAATGGTTTCAGT-1,1,24,32,3068,3394
AGTATAATACTAGGCA-1,1,25,33,3158,3446
TAACTATCGAAGGTCC-1,1,24,34,3068,3497
ATGAGGAGTGTTAATC-1,1,25,35,3157,3549
TGTGTCGCGAGTTGCA-1,1,24,36,3067,3600
ATCCAACGCAGTCATA-1,1,25,37,3157,3652
AAGGCGCGTAAAGCTT-1,1,24,38,3067,3703
AGTCGGCCCAAACGAC-1,1,25,39,3156,3755
AACGTCAGACTAGTGG-1,1,24,40,3066,3806
ACTACCAGCTCTCTGG-1,1,25,41,3156,3858
GCAAGTGCACAGAGAA-1,1,24,42,3066,3910
ACACCTTAAGTAGGGC-1,1,25,43,3155,3961
TTCGACGGGAAGGGCG-1,1,24,44,3065,4013
TTCGCACTCGCGTGCT-1,1,25,45,3155,4065
TATTTGTTACCCTTTA-1,1,24,46,3065,4116
CGCTGTGACGCCGCAC-1,1,25,47,3154,4168
GTTGCACGGAGTTTCG-1,1,24,48,3064,4219
GTTTCCTGGAGGGTGA-1,1,25,49,3154,4271
ACACCCAGCATGCAGC-1,1,24,50,3064,4322
TCAACCATGTTCGGGC-1,1,25,51,3153,4374
TTACAACTACGCATCC-1,1,24,52,3064,4425
TCCGATGGTGCGACAT-1,1,25,53,3153,4477
GGGCGTACATTTATAT-1,1,24,54,3063,4528
AGCGACCAACGATATT-1,1,25,55,3153,4580
ACACAAAGACGGGTGG-1,1,24,56,3063,4631
ATCGCACGCCGGGAGA-1,1,25,57,3152,4683
GCTCTAAACCCTGACG-1,1,24,58,3062,4734
AATGCAACCGGGTACC-1,1,25,59,3152,4786
TCAAACAACCGCGTCG-1,1,24,60,3062,4838
AAAGGGATGTAGCAAG-1,1,24,62,3061,4941
TTGTTCAGTGTGCTAC-1,1,24,64,3061,5044
AGTCTTCTCCTCAAAT-1,1,24,66,3060,5147
GATTCCCTTGTCGCAG-1,1,25,67,3150,5199
CTCGCACCTATATAGT-1,1,24,68,3060,5250
ACTCAATAAAGGCACG-1,1,25,69,3149,5302
AACCGAGCTTGGTCAT-1,1,24,70,3059,5353
CACGCACAGCGCAGCT-1,1,24,72,3059,5456
GGTTTACAATCTCAAT-1,1,25,73,3148,5508
TGCAGGATCGGCAAAG-1,1,24,74,3058,5559
ATAACGGAGTCCAACG-1,1,25,75,3148,5611
AACGATATGTCAACTG-1,1,24,76,3058,5662
GACAACGACCATTGAA-1,1,25,77,3147,5714
TTGACCATGTTCTCCG-1,1,24,78,3058,5765
AGTACGGGCACCTGGC-1,1,25,79,3147,5817
CGCCATCCGATTATGA-1,1,24,80,3057,5869
AAGGTATCCTAATATA-1,1,25,81,3147,5921
TGTTGTCAAGAAGTCT-1,1,24,82,3057,5972
CAGTGAATAAATGACT-1,1,25,83,3146,6024
CACCTTGCGAAACTCG-1,1,24,84,3056,6075
CATTTAGCGGACCATG-1,1,25,85,3146,6127
CCAGTCTAGACGGCGC-1,1,24,86,3056,6178
TCGCTTTAAACGTTTG-1,1,25,87,3145,6230
TTGATGTGTAGTCCCG-1,1,24,90,3055,6384
CAGTAGCCCACGCGGT-1,1,25,91,3144,6436
AGCGCGGGTGCCAATG-1,1,24,92,3054,6487
TAATCGATCCGTACGT-1,1,25,93,3144,6539
AGTGGCGGCAATTTGA-1,1,24,94,3054,6590
CCTTTCAATGAAGAAA-1,1,25,95,3143,6642
CTCAGTCACGACAAAT-1,1,24,96,3053,6693
ATAGGCTAGCTTCGCA-1,1,25,97,3143,6745
CGGTTCAAGTAGGTGT-1,1,24,98,3053,6797
CAGTCGAGGATGCAAT-1,1,25,99,3142,6849
TATCACCCAACCGACC-1,1,24,100,3053,6900
AATGATGCGACTCCTG-1,1,25,101,3142,6952
TGGAACCACTGACACA-1,1,24,102,3052,7003
GCCAATAGGGCATCTC-1,1,25,103,3142,7055
TTCTTTGGTCGCGACG-1,1,24,104,3052,7106
ATTAGATTCCTCAGCA-1,1,25,105,3141,7158
ACGCAATCACTACAGC-1,1,25,109,3140,7364
CTCTAATGCATTGATC-1,1,24,110,3050,7415
GTCTCGACTAAGTTTG-1,1,25,111,3140,7467
TGGTTTAAACGTGGGT-1,1,24,112,3050,7518
CGCAGATCTTCACCCG-1,1,25,113,3139,7570
TCCAGATGTACGCCAA-1,1,24,114,3049,7621
TGTTCATAAATGTGCT-1,1,26,8,3253,2157
CTTAGCCCGGATAGTG-1,1,27,9,3342,2209
GATGCGAATGGTATTA-1,1,26,10,3253,2261
TCTAACTGTATGTAAA-1,1,27,11,3342,2313
TTAAACCTGGTTCCTT-1,1,26,12,3252,2364
GCTAAGTAAAGGCGAT-1,1,27,13,3342,2416
AGTTACCGCACATGGT-1,1,26,14,3252,2467
GACTGCGGCACGTGTA-1,1,27,15,3341,2519
TGGTGATCGTATTTGT-1,1,26,16,3251,2570
TTATCGCCTGCGAAGC-1,1,27,17,3341,2622
TGGAATTAGACGCTTT-1,1,26,18,3251,2673
TCGTCACACTGTTAGC-1,1,27,19,3340,2725
TTATGTTTGCGATAGA-1,1,26,20,3250,2776
GGTGCTGATCACAAAG-1,1,27,21,3340,2828
CATAGCCGCCCGGGAT-1,1,26,22,3250,2879
GGTTAGTTACGGCGCC-1,1,27,23,3339,2931
ATTCCCACATAAACAA-1,1,26,24,3249,2982
ATTCAGTAGCAGGGTC-1,1,27,25,3339,3034
CAGTTCCGCGGGTCGA-1,1,26,26,3249,3085
AAGAGATGAATCGGTA-1,1,27,27,3338,3137
CGCAATTCTACAATAA-1,1,26,28,3248,3189
GAGGAATGGAGAGGTT-1,1,27,31,3337,3344
TCCTCTACGAGATGGC-1,1,26,32,3247,3395
TTGATTATGCAGATGA-1,1,27,33,3337,3447
TCAGTACTGACCCGCG-1,1,26,34,3247,3498
TTATGACAAACTGGAT-1,1,27,35,3337,3550
GTAAGTAGGGTATACC-1,1,26,36,3247,3601
CGCAAACACGAGTTAC-1,1,27,37,3336,3653
TGGCCGTATATTGACC-1,1,26,38,3246,3704
ACTGTAGCACTTTGGA-1,1,27,39,3336,3756
GCTCTATGTTACGTGC-1,1,26,40,3246,3807
TGCGCGATTAACGGAG-1,1,27,41,3335,3859
GAATCGACATGGTCAC-1,1,26,42,3245,3910
GACTAAGTAGGCTCAC-1,1,27,43,3335,3962
ATCTTGACCTGCAACG-1,1,26,44,3245,4013
ATGCACTACCGCATTG-1,1,27,45,3334,4065
CAGATACTAACATAGT-1,1,26,46,3244,4117
GATCGACACTATCTGA-1,1,27,47,3334,4168
ATAGAGTACTGGGACA-1,1,26,48,3244,4220
CCTACTGCTTACACTT-1,1,27,49,3333,4272
CGCGTTCATGAAATAC-1,1,27,51,3333,4375
CCAGGGACGTGGCCTC-1,1,27,53,3332,4478
GTACTAAGATTTGGAG-1,1,27,55,3332,4581
AGACCCGCCCTCCTCG-1,1,26,56,3242,4632
CGCATTAGCTAATAGG-1,1,27,57,3331,4684
GCTCTCGGGTACCGAA-1,1,26,58,3242,4735
CACCGCCAGAAGGTTT-1,1,27,59,3331,4787
TCCCAAAGACGAAGGA-1,1,26,60,3241,4838
ATGGATTGACCAAACG-1,1,27,61,3331,4890
GTCATGGACATGACTA-1,1,26,62,3241,4941
CTACTGCCACCTGACC-1,1,27,63,3330,4993
TTATATTTGGCAATCC-1,1,26,64,3240,5045
AGCACCAGTACTCACG-1,1,27,65,3330,5096
CATGGTCTAGATACCG-1,1,26,66,3240,5148
TCTACCGTCCACAAGC-1,1,27,67,3329,5200
CTAGTTGGGCCCGGTA-1,1,26,68,3239,5251
TCCCGCGTACTCCTGG-1,1,27,69,3329,5303
CAGAGCATGAGCTTGC-1,1,26,70,3239,5354
ACACGGGAACTTAGGG-1,1,27,71,3328,5406
GGCTCTGCTCCAACGC-1,1,26,72,3238,5457
AGAACGTGGTACATTC-1,1,27,73,3328,5509
ACTTCGCCATACGCAC-1,1,27,75,3327,5612
ATCTGGTTAAGACTGT-1,1,26,76,3237,5663
TCGTAAGACGACATTG-1,1,27,77,3327,5715
GTGTACCTTGGCTACG-1,1,26,78,3237,5766
GCCCGTAATACCTTCT-1,1,27,79,3326,5818
CGGTCAAGTGGGAACC-1,1,26,80,3237,5869
TTGTAAGGCCAGTTGG-1,1,27,81,3326,5921
GGAGCACCAAGAACTA-1,1,26,82,3236,5973
TAATAGTGACGACCAG-1,1,27,83,3326,6024
CTAAATCCTATTCCGG-1,1,26,84,3236,6076
CGAGTTCTGTCCCACC-1,1,27,85,3325,6128
AGGCAGATGCGTAAAC-1,1,26,86,3235,6179
AAGGATGAGGGACCTC-1,1,27,87,3325,6231
AGAGAACCGTCTAGGA-1,1,26,88,3235,6282
GAGGGCGCAGCTCTGC-1,1,27,89,3324,6334
AAGGGACAGATTCTGT-1,1,26,92,3234,6488
ATAGAGTTATCAACTT-1,1,27,93,3323,6540
AAATTACCTATCGATG-1,1,26,94,3233,6591
GATCCTAAATCGGGAC-1,1,27,95,3323,6643
TTACAGACCTAAATGA-1,1,26,96,3233,6694
CCTCACCTTAGCATCG-1,1,27,97,3322,6746
CATGCGACCAGTTTAA-1,1,26,98,3232,6797
AACATATCAACTGGTG-1,1,27,99,3322,6849
CTATAAGAGCCAATCG-1,1,26,100,3232,6900
AATATCGAGGGTTCTC-1,1,27,101,3321,6952
GTACTCCTGGGTATGC-1,1,26,102,3231,7004
ATAAGTAGGATTCAGA-1,1,27,103,3321,7056
AGGTCGCGGAGTTACT-1,1,26,104,3231,7107
CTAATTCTCAGATATT-1,1,27,105,3321,7159
GCCAACCATTTCCGGA-1,1,26,106,3231,7210
TGATCCCAGCATTAGT-1,1,27,107,3320,7262
CGTTGTAAGATTGATT-1,1,26,108,3230,7313
GAAACCATGGTGCGCT-1,1,27,109,3320,7365
AATCTATGCCGGAGCC-1,1,26,110,3230,7416
GACTCCCAGAATAAGG-1,1,27,111,3319,7468
TATGATCCGGCACGCC-1,1,26,112,3229,7519
CCGCTTGCTGACATGG-1,1,27,113,3319,7571
TGGTTAAGGGCGCTGG-1,1,26,114,3229,7622
TTGATAGTCAATACAT-1,1,27,115,3318,7674
GTCCTATTGTTGTGGT-1,1,29,7,3522,2107
CATCTGCAGGATCATT-1,1,28,8,3432,2158
GAGTCGACAGACCCTC-1,1,29,9,3522,2210
AAGTGCAAAGGTAGAC-1,1,28,10,3432,2261
AGGGTGGATAGTGCAT-1,1,29,11,3521,2313
TGATAGCGGGATTCTA-1,1,28,12,3431,2364
GTCAGTTTGGTAGTCG-1,1,29,13,3521,2416
GCATTCGAAATGAACA-1,1,28,14,3431,2468
AAAGACTGGGCGCTTT-1,1,29,15,3520,2520
TAACAATATTTGTTGC-1,1,28,16,3431,2571
CCAGCTTCCGCCCGCA-1,1,29,17,3520,2623
GATATGGATTACGCGG-1,1,28,18,3430,2674
AGAGCAGTTATGAGAC-1,1,29,19,3520,2726
TCACATCTTATCTGAT-1,1,28,20,3430,2777
TATGAAGACAGGTGCG-1,1,29,21,3519,2829
TACCTGCTGCACTGTG-1,1,28,22,3429,2880
TAGGTCCAAGTAAGGA-1,1,29,23,3519,2932
GAAACTCGTGCGATGC-1,1,28,24,3429,2983
AACAATTACTCTACGC-1,1,29,25,3518,3035
CCGCACGTGACCTCGG-1,1,28,26,3428,3086
AACTTGCCCGTATGCA-1,1,29,27,3518,3138
GGGTATGTATGCACTT-1,1,28,28,3428,3189
AACAGGATGGGCCGCG-1,1,29,31,3517,3344
GACGTGTAGGGATTAT-1,1,28,32,3427,3396
TAGGTGAGCCCTACTC-1,1,29,33,3516,3448
CTAATTCGCACGCGCT-1,1,28,34,3426,3499
GAAGCTTGCTGACCGC-1,1,29,35,3516,3551
GGTTAGGCTTGGAGAA-1,1,28,36,3426,3602
ACAAGGACAAGAGGTT-1,1,29,37,3515,3654
AGGCCACCCGTTATGA-1,1,28,38,3426,3705
GTGGGCTTAGACACAC-1,1,29,39,3515,3757
CGTGTCCCATTCGCGA-1,1,28,40,3425,3808
TGGAGTGATGCGATGA-1,1,29,41,3515,3860
AACAACTGGTAGTTGC-1,1,28,42,3425,3911
CCTGGCTAGACCCGCC-1,1,29,43,3514,3963
CGCAATTAGGGTAATA-1,1,28,44,3424,4014
TCGAAATTTAGGACCA-1,1,29,45,3514,4066
AGACTAGCCTTCCAGA-1,1,28,46,3424,4117
TTGATCTAACTTTGTC-1,1,29,47,3513,4169
AAGGAGCGGTTGGTGC-1,1,28,48,3423,4220
ACTTGGGACCCGGTGG-1,1,29,49,3513,4272
TGATCTCCGGCGCCAG-1,1,28,50,3423,4324
CAGTTCAAATTGACAC-1,1,29,51,3512,4376
GTCCGGCTGAATTGCG-1,1,28,52,3422,4427
CTGGAAATGGATGCTT-1,1,29,53,3512,4479
TGATCGGTTTGACCCT-1,1,28,54,3422,4530
TAGAGTCTAAGCGAAC-1,1,29,55,3511,4582
GAGACTGATGGGTAGA-1,1,28,56,3421,4633
TAGCTAAGTCCGGGAG-1,1,29,57,3511,4685
GGGCGATATGTGTGAA-1,1,28,58,3421,4736
CTCGAGGTCGAACAGT-1,1,29,59,3510,4788
GATCCCTTTATACTGC-1,1,28,60,3420,4839
GTCATGCACCTCCGTT-1,1,29,61,3510,4891
ACTTTCCTATAGCTTC-1,1,28,62,3420,4942
TCGCTCGATATATTCC-1,1,29,63,3510,4994
ATAGGTTGGGCAGATG-1,1,28,64,3420,5045
CAATTAAGGGTGATGA-1,1,29,65,3509,5097
ACCGACTGAGTCCCAC-1,1,28,66,3419,5148
CCTGTCACCCGGGCTC-1,1,29,67,3509,5200
GATCGGTGGCCATAAC-1,1,28,68,3419,5252
CCTATGGGTTACCGTC-1,1,29,69,3508,5303
TTGGGACACTGCCCGC-1,1,28,70,3418,5355
CGAGGCTAAATATGGC-1,1,29,71,3508,5407
TCAGGGTGTAACGTAA-1,1,28,72,3418,5458
CGAGAGATGTGAACCT-1,1,29,73,3507,5510
TCGCTGGGCGGATTGT-1,1,28,74,3417,5561
AGATCTCAGGTGTGAT-1,1,29,75,3507,5613
TGGCCAAACTGAAGTA-1,1,28,76,3417,5664
TGTATAACAGATCCTG-1,1,29,79,3506,5819
CGCGGGAATTAGGCAG-1,1,28,80,3416,5870
TGCATGTGGTAATCTA-1,1,29,81,3505,5922
ACAATTTGAGCAGTGG-1,1,28,82,3415,5973
GAGCTAAGGGCATATC-1,1,29,83,3505,6025
CCAGATAGTTGAGTGA-1,1,28,84,3415,6076
CCACAATGTACGTCTT-1,1,29,85,3504,6128
CAATGGATCTCTACCA-1,1,28,86,3415,6180
TGTGGCAAAGCGTATG-1,1,29,87,3504,6231
TAAAGCGTTAGGAGAA-1,1,28,88,3414,6283
TCCGTTTAGCCTTGAA-1,1,29,89,3504,6335
CAGCTCGACAAGTTAA-1,1,28,90,3414,6386
GCCTATAGTGTCAGGG-1,1,29,91,3503,6438
GCGCTGCTTTGCATTT-1,1,28,94,3413,6592
GCGCATCCAGTCAGCA-1,1,29,95,3502,6644
GACTCGCGGGAATGAC-1,1,28,96,3412,6695
CTGGTAACGAGCTCTT-1,1,29,97,3502,6747
TCCGGCCTAGCGTACA-1,1,28,98,3412,6798
TCTAGGTGGCGACGCT-1,1,29,99,3501,6850
ACGCTAGTGATACACT-1,1,28,100,3411,6901
CCTCACCTGAGGGAGC-1,1,28,102,3411,7004
AGTGAGCCTCGCCGCC-1,1,29,103,3500,7056
ACGAGTACGGATGCCC-1,1,28,104,3410,7108
GGTACCATTAAGACGG-1,1,29,105,3500,7159
TTCTGCTAGACTCCAA-1,1,28,106,3410,7211
TAACTATTACGCCAAA-1,1,29,107,3499,7263
GCATTCAAGGCAACGC-1,1,28,108,3410,7314
AGTACATCATTTATCA-1,1,29,109,3499,7366
GTCGTGTCTGGTCATC-1,1,28,110,3409,7417
AGTCTAAAGTATACTC-1,1,29,111,3499,7469
CGGCCCAACCTGTAGT-1,1,28,112,3409,7520
AGGGAGACATACTTCG-1,1,29,113,3498,7572
TCCCTAGATCAATAGG-1,1,28,114,3408,7623
TCCCGTCGCGTCATAG-1,1,29,115,3498,7675
CGCATCCATCAGCCAG-1,1,28,116,3408,7726
AACTTTACGGGAGCTT-1,1,31,7,3702,2108
TTCTTGTGTCCATCAG-1,1,30,8,3612,2159
ACAATTTAGGAGGCTC-1,1,31,9,3701,2211
ATACTTGTTCTCGAGC-1,1,30,10,3611,2262
CACGGGATTGAGGGTT-1,1,31,11,3701,2314
GTTAATGTCTATCTTA-1,1,30,12,3611,2365
GCGTTATATTTGGAAC-1,1,31,13,3700,2417
CGTCAAGGCTATAAAT-1,1,30,14,3610,2468
TTAGCTCTGTAATCCG-1,1,31,15,3700,2520
AATGGTCCACCGTTCA-1,1,30,16,3610,2571
GTCATTGCATTGACCC-1,1,31,17,3699,2623
TGTCCGTGGCGCCTTT-1,1,30,18,3610,2675
TCAACTAACGTATAAC-1,1,31,19,3699,2727
TCCTCTCCAGTTGTCC-1,1,30,20,3609,2778
TGTGTTCGTATCCAAG-1,1,31,21,3699,2830
CCGCGTAGGTAAGGGC-1,1,30,22,3609,2881
CTGCGGGTGAAATGTT-1,1,31,23,3698,2933
TATCTACAGAGGTAAT-1,1,30,24,3608,2984
CTACTCTAGGCCCGGC-1,1,31,25,3698,3036
ACAAGCAGTGCCTAGC-1,1,30,26,3608,3087
TACAAGTCTCGTGCAT-1,1,31,27,3697,3139
TCGCGTCCAGAAGGTC-1,1,31,29,3697,3242
TATGGCCCGGCCTCGC-1,1,30,30,3607,3293
GCTGGCATATTCACCT-1,1,31,31,3696,3345
GTCAGAATAGTCTATG-1,1,30,32,3606,3396
GGCGTCCTATCCGCTG-1,1,31,33,3696,3448
CGGAGTTTGAGAGACA-1,1,30,34,3606,3499
AGCACTTAAGGACGCC-1,1,31,35,3695,3551
CCAACGATGCACTGAT-1,1,31,37,3695,3655
ATTTACAGTTTACTGG-1,1,30,38,3605,3706
CCCTGAAATGAGTTGA-1,1,31,39,3694,3758
CAAACGGTCGCACTTT-1,1,30,40,3604,3809
TGATTCGTCTATCACT-1,1,31,41,3694,3861
TCAGGTTCTTTGAGAA-1,1,30,42,3604,3912
CACGCAGCGAGGCTTT-1,1,31,43,3693,3964
TTAAGCGCCTGACCCA-1,1,30,44,3604,4015
CTTACACGGTATTCCA-1,1,31,45,3693,4067
AAGGCTGTGCTCATCG-1,1,30,46,3603,4118
GACCAGAGCCCTGTAG-1,1,31,47,3693,4170
TCCCAGGCTTAGCTAA-1,1,30,48,3603,4221
ATTGAAGATCTTAGTG-1,1,31,49,3692,4273
AGTTCCTACAGAATTA-1,1,30,50,3602,4324
GGGCTGGTTAGTCGCG-1,1,31,51,3692,4376
GAAATGGCGGTGTTAG-1,1,30,52,3602,4427
TACGAACACGACTTCA-1,1,31,53,3691,4479
ACCACAAGTTTCTATC-1,1,30,54,3601,4531
ATATTTAACCCTCAAG-1,1,31,55,3691,4583
GATCATTCCAAACATT-1,1,30,56,3601,4634
TCCAGGCGAGTACGGT-1,1,31,57,3690,4686
GTTTGACCAAATCCTA-1,1,30,58,3600,4737
CACAGCACCCACGGCA-1,1,31,59,3690,4789
TGCAAGAATGACGTAA-1,1,30,60,3600,4840
GCGAAGCCATACCCGT-1,1,31,61,3689,4892
TCCTTTCTTACGCTTA-1,1,30,62,3599,4943
GCTGCTCTCCGGACAC-1,1,31,63,3689,4995
ACTGTCTTCTTTAGAA-1,1,30,64,3599,5046
TCAAACTTAGATTGTT-1,1,31,65,3688,5098
CTATGTCACTAGCCCA-1,1,30,66,3599,5149
GGCGGTAGGATCATTG-1,1,31,69,3688,5304
ACACGAGACTCCTTCT-1,1,31,71,3687,5407
GACACAAGGGAAGAAA-1,1,30,72,3597,5459
TCAGCAAATGCATCTC-1,1,31,73,3687,5511
GAGATCTGTCACTCCG-1,1,30,74,3597,5562
ATGCCGGTCTTGCATA-1,1,31,75,3686,5614
TTGGGCGGCGGTTGCC-1,1,30,76,3596,5665
TTGTTGTGTGTCAAGA-1,1,31,77,3686,5717
GGTCTGAGAATCTGGA-1,1,30,80,3595,5871
TAGAAAGGTGGCGCTA-1,1,31,81,3685,5923
TATGTCTCATTGTGCC-1,1,30,82,3595,5974
GGATTTCACTTCTATA-1,1,31,83,3684,6026
TGAGTGGTCCGTGACG-1,1,30,84,3594,6077
CGCTTTCTTGCATTCG-1,1,31,85,3684,6129
ACCCAACGCCCGTGGC-1,1,30,86,3594,6180
GAACGTCTCATGGTCG-1,1,31,87,3683,6232
AGGGTTCCCTTTGGTT-1,1,30,88,3594,6283
GTAGCTTCCTCTTGTT-1,1,31,89,3683,6335
GCATGAGGGACGCGGC-1,1,30,90,3593,6387
CTACCCTAAGGTCATA-1,1,31,91,3683,6438
CTAACGAAACTTGCTG-1,1,30,94,3592,6593
TTAAACTCGAATTCAT-1,1,31,95,3682,6645
TACTTTACTGAGCCGG-1,1,30,96,3592,6696
GCTTGGATCGATTAGG-1,1,31,97,3681,6748
CGGTTATCCAACAGTG-1,1,30,98,3591,6799
CAGACCTGTAAGTGTT-1,1,31,99,3681,6851
GACGGTCAATAGAAGC-1,1,30,100,3591,6902
GTGAACTCCCATTCGA-1,1,30,104,3590,7108
GTGGTTACTTCTTTCG-1,1,31,105,3679,7160
TCAGAACCTCCACAGG-1,1,30,106,3589,7211
TCCCACTCTCTTCCGG-1,1,31,107,3679,7263
ATCTTGACTTGTCCAA-1,1,30,108,3589,7315
TCGGGAACGTGCCTAG-1,1,31,109,3678,7366
GTTAGCCGTAAATCAA-1,1,30,110,3588,7418
ATTTACTAAGTCCATT-1,1,31,111,3678,7470
GGGTGCATATGAAAGC-1,1,30,112,3588,7521
TCCGAATGGTCCTGAG-1,1,31,113,3678,7573
TGATGGCTGTTTCTGA-1,1,30,114,3588,7624
AAATAAGGTAGTGCCC-1,1,31,115,3677,7676
CCACTATCCGGGTCAC-1,1,30,116,3587,7727
GGACAAGTTGCAGTGA-1,1,33,7,3881,2109
GTCCGAGAGCAATCAT-1,1,32,8,3791,2160
ATGGCAGCCGAGAAAC-1,1,33,9,3881,2212
CCTCGGATGCTACCTG-1,1,32,10,3791,2263
ATACGGTGAAGATGCA-1,1,33,11,3880,2315
ACATCAGCTGGGACGC-1,1,32,12,3790,2366
GGTTGTGTAGCCTGGC-1,1,33,13,3880,2418
CCTGCGTTCTACGCTT-1,1,32,14,3790,2469
GAACGTTAGGAAGACG-1,1,33,15,3879,2521
CTGATAGTGTATCTCA-1,1,32,16,3789,2572
TTCTGCGAGCGCCCTT-1,1,33,17,3879,2624
CTTTGGCGCTTTATAC-1,1,32,18,3789,2675
TCCGAACTTGGCTTAC-1,1,33,19,3878,2727
TAGATTCCTGGTTATT-1,1,32,20,3788,2778
CCGACAAAGGGAGTGC-1,1,33,21,3878,2830
CCATGGCCCTTGTACC-1,1,32,22,3788,2882
GAAATATCACCATCAG-1,1,33,23,3877,2934
ACGAAATGGGCGGCAC-1,1,32,24,3788,2985
GTGAGCGTGCTGCACT-1,1,33,25,3877,3037
CCGCGGGTACGAAGAA-1,1,32,26,3787,3088
CACGAAAGTTAGTCCC-1,1,33,29,3876,3243
ACCTAATCGACTTCCT-1,1,32,30,3786,3294
AAGTAGTGACGCGAGG-1,1,33,31,3876,3346
TCCGATTACATTGCCG-1,1,32,32,3786,3397
CCTCCGACAATTCAAG-1,1,33,33,3875,3449
GTTCACAGGAGTCTAG-1,1,32,34,3785,3500
CGAAGTTGCTCTGTGT-1,1,33,35,3875,3552
GTCGGATATCTCAGAC-1,1,32,36,3785,3603
CGCTCTCCGTAGATTA-1,1,33,37,3874,3655
CAAGCAACGTCGGAGT-1,1,32,38,3784,3706
CCATTCCCTGCCCACA-1,1,33,39,3874,3758
CTTTGGCTTTAGTAAA-1,1,32,40,3784,3810
GGCTATTAAGTTGTAT-1,1,33,41,3873,3862
CCATTAGCGATAATCC-1,1,32,42,3783,3913
TGTTCTTCCATTGACT-1,1,33,43,3873,3965
AGATAACTTCAGGGCC-1,1,32,44,3783,4016
ATAGACGAAGAGAAAG-1,1,33,45,3872,4068
GGCGGAGTAATATTAG-1,1,32,46,3783,4119
TGACCCACGTTAGACA-1,1,33,47,3872,4171
TCACAGGTTATTGGGC-1,1,32,48,3782,4222
TCACGCATTGTAGATC-1,1,33,49,3872,4274
TTGAAGAATTCCCAGG-1,1,32,50,3782,4325
AAATGGTCAATGTGCC-1,1,33,51,3871,4377
TAGTGCCCTCCAGAGT-1,1,32,52,3781,4428
GGTATTGCCGAGTTTA-1,1,33,53,3871,4480
CGTATTAAGAGATCTA-1,1,32,54,3781,4531
ACTGTCCAGGATTATA-1,1,33,55,3870,4583
CGGGCAGCTAAACCGC-1,1,32,56,3780,4634
TTGCTGATCATGTTCG-1,1,33,57,3870,4686
TATGGGTACGTATCGT-1,1,32,58,3780,4738
CAGCTCACTGAGACAT-1,1,33,59,3869,4790
GGGACTGCATAGATAG-1,1,32,60,3779,4841
ACGCATTCGTGAGTAC-1,1,33,61,3869,4893
CTCTGGACGCCTGGTG-1,1,32,62,3779,4944
GGGAGAACTCACAGTA-1,1,32,64,3778,5047
GGGCTGCCTAGGGCGA-1,1,33,69,3867,5305
CTCTCACAATCGATGA-1,1,32,70,3777,5356
CCAAGCGTAACTCGTA-1,1,33,71,3867,5408
ACAACAGCATGAGCTA-1,1,32,72,3777,5459
GTCCCAACGTAAAGTA-1,1,33,73,3866,5511
TCGGAGTACATGAGTA-1,1,32,74,3776,5562
GGGAGTTAATGAGGCG-1,1,33,75,3866,5614
CCGGGCGGTCTCGTCA-1,1,32,76,3776,5666
CCGTAAGTTGGTCCCA-1,1,33,77,3865,5718
GGAGGGCTTGGTTGGC-1,1,32,78,3775,5769
GTACTGGAGTTAGACC-1,1,33,81,3864,5924
GGAATGCGCTAGCGTG-1,1,32,82,3774,5975
GTGTGAATAACTTAGG-1,1,33,83,3864,6027
GGTCGGCCAGGAGCTT-1,1,32,84,3774,6078
TAGCCGGCGGTCAGCG-1,1,33,85,3863,6130
CGGGTGTACCCATTTA-1,1,32,86,3773,6181
GTTGGATTGAGAACAC-1,1,32,88,3773,6284
CACACGCGCTGTCTTA-1,1,33,89,3862,6336
TAGACGCCCGTACCGG-1,1,32,90,3772,6387
GGTTTCAATCGGTCAG-1,1,33,91,3862,6439
CGGCAGGGTCGGGTTG-1,1,32,94,3772,6594
GCTTTCAGAGGAGGTG-1,1,33,95,3861,6646
TCTTCCCATGGGCACA-1,1,32,96,3771,6697
TACCGCGGACTTGCAG-1,1,33,97,3861,6749
AGAATTATGGATTCGA-1,1,32,98,3771,6800
ATTGATGAGTCCTAAC-1,1,33,99,3860,6852
TAGGTCGCCGGAACTG-1,1,32,100,3770,6903
TAACCTACCGTCCGAG-1,1,33,101,3860,6955
ACTCCCGAATTCGTTT-1,1,32,104,3769,7109
GTTCATCGTTTGGCTG-1,1,33,105,3859,7161
ACTTTACCCTCATGAA-1,1,32,106,3769,7212
GCGAGAGTTGCGTCCA-1,1,33,107,3858,7264
GTTCGGGCGTACCATT-1,1,32,108,3768,7315
CGACTTTGTATAGCCT-1,1,33,109,3858,7367
GCCATCGATGCTGCAT-1,1,32,110,3768,7418
GCATTTCCAAGGCTCC-1,1,33,111,3857,7470
ATGTAAGGCTGCTCTT-1,1,32,112,3767,7522
ACGTTCGCAATCAATT-1,1,33,113,3857,7573
GTGACGAGGGTGACCC-1,1,32,114,3767,7625
ATTATAGCTACTTTAC-1,1,33,115,3856,7677
CGTGTGTTAAACCCTG-1,1,32,116,3767,7728
TCTGGCGCAAGCCGGG-1,1,34,6,3971,2058
AGTGGTTGCGTATAGG-1,1,35,7,4061,2109
ATCGGTTACCTAGTAA-1,1,34,8,3971,2161
CCTGCCCGTTGTCTAG-1,1,35,9,4060,2213
GCACACGCCCATGGTC-1,1,34,10,3970,2264
AGTACGGCCCGTATCG-1,1,35,11,4060,2316
TATCTAGCCTAAAGGA-1,1,34,12,3970,2367
ATGTTCGTCGACCCAC-1,1,34,14,3969,2470
TAAGCAGGCGACACGC-1,1,35,19,4058,2728
AGCACTACCGGCCTGT-1,1,34,20,3968,2779
GAAAGCCCTTTGGACC-1,1,35,21,4057,2831
GACCGACTGAAGCGTC-1,1,34,22,3967,2882
CGGTGAAGACTAAAGT-1,1,35,23,4057,2934
CCCTGCGCTACGCATA-1,1,34,24,3967,2986
TTACCATTGATTACCC-1,1,34,28,3966,3192
ATACCACGGGCAACTT-1,1,35,29,4056,3244
TGTCCTAAGTCACCGC-1,1,34,30,3966,3295
AGGTAGGTACAAAGCT-1,1,35,31,4055,3347
GGCATACAGGTAGCGG-1,1,34,32,3965,3398
TCCCGGGTGTGCTGCT-1,1,34,34,3965,3501
TACGATGTTGATCATC-1,1,35,35,4054,3553
CCTCTCTCCCATCTAG-1,1,34,36,3964,3604
GCAGGACTATAGAATA-1,1,35,37,4054,3656
CTAGTGAAGGACAGGA-1,1,34,38,3964,3707
TACGAGAACTTCACGT-1,1,35,39,4053,3759
CGTTGTTTCAATTCCC-1,1,34,40,3963,3810
GCAAATATTACGCTTT-1,1,35,41,4053,3862
GAGATCTGCTTGGCAT-1,1,34,44,3962,4017
GGCACTCCACTGGGCA-1,1,34,46,3962,4120
CACTTAATCAGACGGA-1,1,34,48,3961,4223
CGTTTCGCTCATTACA-1,1,35,49,4051,4275
ATAAAGGCTCGGTCGT-1,1,34,50,3961,4326
CACTAAAGTTGCCTAT-1,1,35,51,4050,4378
GTGCTCAAGTACTGTC-1,1,34,52,3961,4429
CCATGCCTGTTTAGTA-1,1,35,53,4050,4481
TCTAGTTATCAGAAGA-1,1,34,54,3960,4532
TTGTAATCCGTACTCG-1,1,35,55,4050,4584
TCCCAGCTTTAGTCTG-1,1,34,56,3960,4635
CTACGCACGGAGTACC-1,1,35,57,4049,4687
AAATTAACGGGTAGCT-1,1,34,58,3959,4738
CGGCCACGCACAAAGT-1,1,35,59,4049,4790
TAGGTTCGAGTTCGTC-1,1,35,67,4047,5203
GAATTATAGTGAAAGG-1,1,34,68,3957,5254
CTATCGGGTCTCAACA-1,1,35,69,4046,5306
GCGCTAATTGAATAGA-1,1,34,70,3956,5357
ATGCGACAGTCCCATT-1,1,35,71,4046,5409
GGTAGTGCTCGCACCA-1,1,34,72,3956,5460
AAGCTCGTGCCAAGTC-1,1,35,73,4045,5512
TATTCAATTCTAATCC-1,1,34,74,3956,5563
TTCAAAGTCTCTAGCC-1,1,35,75,4045,5615
TTGAATATGGACTTTC-1,1,34,76,3955,5666
AAGAGCTCTTTATCGG-1,1,35,77,4045,5718
TTACTCCGGCCGGGAA-1,1,34,78,3955,5769
ATAACGCCGGAGGGTC-1,1,35,81,4044,5925
GGATCCGGAATATACT-1,1,34,82,3954,5976
TGAAAGGACCTGACTC-1,1,35,83,4043,6028
TCCGCGGCAGCATCTG-1,1,34,84,3953,6079
TGCATATGTCTGTCAC-1,1,35,85,4043,6131
TGTAGGAGAAATTTCC-1,1,34,86,3953,6182
CCCAAACATGCTGCTC-1,1,34,88,3952,6285
GCTTATGAAGCAGGAA-1,1,35,89,4042,6337
TTCTAACCGAAGCTTA-1,1,34,90,3952,6388
GGATGTCCTTACCGCA-1,1,35,91,4041,6440
AGGGTGCTCTCGAGGG-1,1,34,92,3951,6491
GCGTGGTACTGGGTTA-1,1,35,95,4040,6646
CGTCGGATAGTGTTGA-1,1,34,96,3951,6697
ATATGTCTCCCTAGCC-1,1,35,97,4040,6749
TCTTTAAGACTATGAA-1,1,34,98,3950,6801
TCATTTAAGTCTCCGA-1,1,35,99,4040,6853
GATATTGAGATTGGCG-1,1,34,100,3950,6904
TGACATCGAGCGGACC-1,1,35,101,4039,6956
CACCCAAATCTTATGT-1,1,35,105,4038,7162
AGATGATGGAGTCTGG-1,1,34,106,3948,7213
CCACGGTGCCCGGTAG-1,1,35,107,4038,7265
TCAAGAAATACTAGCT-1,1,34,108,3948,7316
AGGTATAATTGATAGT-1,1,35,109,4037,7368
CAAGGTCCTATAGGCT-1,1,34,110,3947,7419
GCAGCCTATATCACAT-1,1,35,113,4036,7574
GGTATAGTGACACATA-1,1,34,114,3946,7625
AAATTCCAGGTCCAAA-1,1,35,115,4036,7677
TCTTTAGCAGGCGAAC-1,1,34,116,3946,7729
ATCCAATGGTACCGAA-1,1,36,6,4150,2058
GTGCTGCAGATAAGGA-1,1,37,7,4240,2110
GGCCTTTGCAACTGGC-1,1,36,8,4150,2161
GTCGTACCTACGATTG-1,1,37,9,4240,2213
TAGAAATTCACGTATA-1,1,36,10,4150,2265
AGAATAAATCTTCAGG-1,1,37,11,4239,2316
CATTGCGAAATGGGCG-1,1,36,12,4149,2368
AAAGTCGACCCTCAGT-1,1,37,15,4238,2523
TACTCGGCACGCCGGG-1,1,36,16,4148,2574
AGGTGTATCGCCATGA-1,1,37,17,4238,2626
AAACCTCATGAAGTTG-1,1,37,19,4237,2729
TATAGGGTACTCATGA-1,1,36,20,4147,2780
CCAGCTGATGGTACTT-1,1,37,21,4237,2832
AATATTGGAGTATTGA-1,1,36,22,4147,2883
GGCCCTCACCCACTTA-1,1,37,23,4236,2935
AACCAAGACTTCTCTG-1,1,36,24,4146,2986
GTACTCCCTTATCGCT-1,1,36,28,4145,3193
TGGTCTGTTGGGCGTA-1,1,37,29,4235,3244
AATAACAACGCTCGGC-1,1,36,30,4145,3296
CATACCCGTACCCAGT-1,1,37,31,4234,3348
TTGCCCTGATCACGGG-1,1,36,34,4144,3502
CTAACCGCGCGCCCGT-1,1,37,35,4234,3554
CTAAAGAATGCCTACT-1,1,36,36,4144,3605
ACCCATCTTGAGGGTA-1,1,37,37,4233,3657
GATCTTTGCAGGGTAT-1,1,36,38,4143,3708
GGGTACTTCATGAACT-1,1,37,39,4233,3760
GCCGCTTGTGAGAAAC-1,1,36,40,4143,3811
CCTGTAAGACATGATA-1,1,37,41,4232,3863
CGACAGTTCGCGTTAT-1,1,36,42,4142,3914
GGATGACGCGAGTTTA-1,1,37,45,4231,4069
GCGAGGCCCGAGCAGA-1,1,37,47,4231,4172
CCAATGTCACAGCAAG-1,1,37,49,4230,4276
GTTGGATTTGCGTTGG-1,1,36,50,4140,4327
GGGAGGATGCCCGAAA-1,1,37,51,4230,4379
GATCGCGGGCTCTCCA-1,1,36,52,4140,4430
GTTCGCCATAAGTGCC-1,1,37,53,4229,4482
AGATTATAGGACGTTT-1,1,36,54,4140,4533
TCGAGACCAACACCGT-1,1,37,55,4229,4585
TATGGGACCGAGCAGG-1,1,36,56,4139,4636
GATGCGTCCTGCATTC-1,1,37,57,4229,4688
TATGGTCTGAGTAACA-1,1,36,58,4139,4739
GCATAGAGCACTCAGG-1,1,37,59,4228,4791
CTTCATTGTCAGTGGA-1,1,36,60,4138,4842
GCAGATTAGGGATATC-1,1,37,61,4228,4894
CCTGTCGCCCGTAAAT-1,1,36,62,4138,4945
CAATTTCGTATAAGGG-1,1,37,63,4227,4997
ATGGAGCAGGCCGTGA-1,1,36,66,4137,5152
GTCATTAGAGCGAACG-1,1,37,67,4226,5204
AAGACTGCAAGCTACT-1,1,36,68,4136,5255
CTAGTCACGTCTTAAG-1,1,37,69,4226,5307
ACTCTTGTATAGTAAC-1,1,36,70,4136,5358
ATTAGGCGATGCTTTC-1,1,37,71,4225,5410
TTCGGGACTAATCGCG-1,1,36,72,4135,5461
TGGACTGTTCGCTCAA-1,1,37,73,4225,5513
AACGTGCGAAAGTCTC-1,1,36,74,4135,5564
CCACCCAAGGAAAGTG-1,1,37,75,4224,5616
CCGCACAAAGACCAAC-1,1,36,76,4134,5667
ACTCGTCAGTAATCCC-1,1,36,78,4134,5770
GGTGATAAGGAGCAGT-1,1,37,79,4224,5822
AAGAGGCATGGATCGC-1,1,36,80,4134,5873
CACGTTCGTGCTCTAG-1,1,37,81,4223,5925
CTATTTGGTTACGGAT-1,1,36,82,4133,5976
GTACAGAGGCAAGGGT-1,1,37,83,4223,6028
GGGCCGGCCGAAGTAC-1,1,36,84,4133,6080
CCTGAACGATATATTC-1,1,37,85,4222,6132
TACTTGTTAGTAGTCC-1,1,37,87,4222,6235
CCTAGGCGTAGCGATC-1,1,36,88,4132,6286
CTGGCGCACAGGTCTG-1,1,37,89,4221,6338
ACTTATACTTACCCGG-1,1,36,90,4131,6389
GAAGTCTCCCTAGCGA-1,1,37,91,4221,6441
ACCGATGGTAGCATCG-1,1,36,92,4131,6492
TAGGGAGCTTGGGATG-1,1,36,96,4130,6698
AGGGTCGATGCGAACT-1,1,37,97,4219,6750
TATATCCCTGGGAGGA-1,1,36,98,4129,6801
CATCTTACACCACCTC-1,1,37,99,4219,6853
GTGCGACAGGGAGTGT-1,1,36,100,4129,6904
CCGATCTCAACCTTAT-1,1,37,101,4218,6956
CTAGGTCTGAAGGAAT-1,1,36,104,4128,7111
ATATCAACCTACAGAG-1,1,37,105,4218,7163
AAATAGCTTAGACTTT-1,1,36,106,4128,7214
GCGACATGTAAACATC-1,1,37,107,4217,7266
ATAAGTAGGGCGACTC-1,1,36,108,4127,7317
GCGAGCGCATGCTCCC-1,1,37,109,4217,7369
AGGGACCGGCTGCGTT-1,1,36,110,4127,7420
CCTATGAAGTGGTGCC-1,1,37,111,4216,7472
GCTTACGTAGTTAGTA-1,1,36,112,4126,7523
CATACTTAGGCAATAC-1,1,37,113,4216,7575
CCTGTCCCTCACGTTA-1,1,36,114,4126,7626
CAATGTGCCAACCCTT-1,1,37,115,4215,7678
GTTAAGTTAGAGTGGG-1,1,36,116,4125,7729
GACCGTTACATGCGAC-1,1,38,6,4330,2059
GGTTCGGATTATACTA-1,1,39,7,4419,2111
CCTCCTGAGCCCACAT-1,1,38,8,4329,2162
CCGCGATTTGGTAGGT-1,1,39,9,4419,2214
AATCTCTACTGTGGTT-1,1,38,10,4329,2265
CCCTGACTAACAAATT-1,1,38,12,4329,2368
GCATACGAGGTCTTTA-1,1,38,14,4328,2472
TCGGGATTCAAACATA-1,1,39,15,4418,2524
GGGCCCTACGAAAGGG-1,1,38,16,4328,2575
GGATGCTGGCGTTCCT-1,1,39,19,4417,2730
CCGATTCGAGGGACCC-1,1,38,20,4327,2781
CCACTGGTGGCTGGTT-1,1,39,21,4416,2833
GACAGGCACACACTAT-1,1,38,22,4326,2884
TCAACGCGACCGGCAG-1,1,39,23,4416,2936
ATAAATATTAGCAGCT-1,1,38,28,4325,3193
AAGAGGATGTACGCGA-1,1,39,29,4414,3245
TCCTGCGTTGATACTC-1,1,38,30,4324,3296
CGTGCATTGTCGACGC-1,1,39,31,4414,3348
CCCAATTTCACAACTT-1,1,39,33,4413,3451
TGATTTATTAGCTGTG-1,1,38,34,4323,3503
TGGAAGAAGGGAACGT-1,1,39,35,4413,3555
GACGCTTGCTTCTAAA-1,1,38,36,4323,3606
GGGAACGGGAGGTTAG-1,1,39,37,4413,3658
GCGGCTCTGACGTACC-1,1,38,38,4323,3709
ACGTTAGATTTGCCCG-1,1,39,39,4412,3761
GAGAGGGCGCGAGGTT-1,1,38,40,4322,3812
GCGTCTCTGCATTGGG-1,1,39,41,4412,3864
CTTCGTAGATAGGTGA-1,1,39,45,4411,4070
TGCAGAGTACCGAGCA-1,1,38,46,4321,4121
GAAGTGATTTATCGTG-1,1,39,47,4410,4173
CGCTACGGGACATTTA-1,1,38,48,4320,4224
CCACACTGAGATATTA-1,1,39,49,4410,4276
CGATCCGACCCAGTGC-1,1,38,50,4320,4328
CTGTACTTCTTAGCAT-1,1,39,51,4409,4379
ACTTATTAGGATCGGT-1,1,38,52,4319,4431
TAGTCCGCAGAGAATG-1,1,39,53,4409,4483
TTCACGAAAGGATCAC-1,1,38,54,4319,4534
TACATTTCTAACGTGC-1,1,39,55,4408,4586
ACCATATCCGCAATAA-1,1,38,56,4318,4637
CACTCAAGAGCTATGG-1,1,39,57,4408,4689
TGTACGAACAAATCCG-1,1,38,58,4318,4740
ATCATCCAATATTTGT-1,1,39,59,4407,4792
CGCTATTCTTAGGCTC-1,1,38,60,4318,4843
TGGCAGCAGTAATAGT-1,1,39,61,4407,4895
TCACGTGCCCGATTCA-1,1,38,62,4317,4946
CATACGGCGTCTGGGC-1,1,39,63,4407,4998
TGCTGTTGAAGAACTC-1,1,38,66,4316,5152
CGGAGCATGGCGATCC-1,1,39,67,4406,5204
TAGCGTTGGGTCTTAC-1,1,38,68,4316,5256
GTAGCGGCTATACACT-1,1,39,69,4405,5307
TAACATACAATGTGGG-1,1,38,70,4315,5359
TCTTCGAATAGACGTT-1,1,39,71,4405,5411
GATCGTGACTGATATC-1,1,38,72,4315,5462
GATCCGGGAATTAACA-1,1,39,73,4404,5514
TTATATACGCTGTCAC-1,1,38,74,4314,5565
GTCGCGTAACCCGTTG-1,1,39,75,4404,5617
AGCTCTAGACGTTCCA-1,1,38,76,4314,5668
AATCGCCTCAGCGCCA-1,1,39,79,4403,5823
CTTGTTGCTGAGTCAA-1,1,38,80,4313,5874
GATATGAGACACTAAC-1,1,39,81,4402,5926
TTATGATCTTAACGAA-1,1,38,82,4313,5977
CGCCGCCCATGCCTGT-1,1,39,83,4402,6029
CTGGGATAAATAATGG-1,1,38,84,4312,6080
GTGCCCGTTCGGATTC-1,1,39,85,4402,6132
TTCAATACTCTGAATC-1,1,38,86,4312,6184
CGCACATGTCCACTAC-1,1,39,87,4401,6235
AGAAGAGCGCCGTTCC-1,1,38,88,4311,6287
GATAACTCGCACTGTG-1,1,39,89,4401,6339
AGTCGACGGTCTCAAG-1,1,38,90,4311,6390
TATTACCATCCTGCTT-1,1,38,96,4309,6699
TTGAATTCACGTGAGG-1,1,39,97,4399,6751
CCATCTCACCAGTGAA-1,1,38,98,4309,6802
CGCACGTGCGCTATCA-1,1,39,99,4398,6854
ACCCGGATGACGCATC-1,1,38,100,4308,6905
CGCTAGAGACCGCTGC-1,1,39,101,4398,6957
ATAGTTCCACCCACTC-1,1,38,102,4308,7008
TAGACTACCTAGCGTT-1,1,38,104,4307,7111
GGTTCTACTCGTCTGA-1,1,39,105,4397,7163
GACTCACCCACGTGAG-1,1,38,106,4307,7215
AGCTCTTCGTAACCTT-1,1,39,107,4397,7267
ACTATCCAGGGCATGG-1,1,38,108,4307,7318
GACCGACGTGAAAGCA-1,1,38,112,4306,7524
CCGGTAATGGCTAGTC-1,1,38,114,4305,7627
GAATGGGCTTATCGAC-1,1,40,6,4509,2060
TGGTCGTGCAAGGCAA-1,1,41,7,4599,2112
CACCACGCCACACAGA-1,1,40,8,4509,2163
GAACCTCGACCTACAC-1,1,41,9,4598,2215
CAATACGCTCTGAGGC-1,1,40,10,4508,2266
GATCGGATAGAACCAT-1,1,41,13,4597,2421
GCTACAGTACGGACCG-1,1,40,14,4507,2472
TCTATTACTAGAGGAT-1,1,41,15,4597,2524
TTCAGGCGTCAAAGCC-1,1,40,16,4507,2575
CCCTGCCCAATCCGCT-1,1,41,19,4596,2731
GTGGCGGTCCCAGCGT-1,1,40,20,4506,2782
GCATTGTAATTCATAT-1,1,41,21,4596,2834
CCGTTCCGAATCTCGG-1,1,40,22,4506,2885
AGCTTGATCTTAACTT-1,1,41,23,4595,2937
CGCCTGGCCTACGTAA-1,1,41,27,4594,3143
CCCGTAAGTCTAGGCC-1,1,40,28,4504,3194
TTGGACATGTGGCTTA-1,1,41,29,4594,3246
ATTACGCGCTGGCAGG-1,1,40,30,4504,3297
CGAAACGCAATTCATG-1,1,41,33,4593,3452
TAGTCTAACAACGAGA-1,1,40,34,4503,3503
TTGCATGCTGATCACG-1,1,41,35,4592,3555
TCTGGGTAGCGCTCAT-1,1,40,36,4502,3607
ACATCGGTCAGCCGCG-1,1,41,37,4592,3659
AGATACCGGTGTTCAC-1,1,40,38,4502,3710
GATTACTGAATTTGGG-1,1,41,39,4591,3762
TCCAACTTTAAATTCT-1,1,40,40,4502,3813
TCCTAGCAAAGAAGCT-1,1,41,41,4591,3865
AGTTAAACACTTGCGA-1,1,40,44,4501,4019
AGCTCTTTACTCAGTT-1,1,41,45,4590,4071
ATCCAGGATTCGTGAA-1,1,40,46,4500,4122
AGTCAACACCACCATC-1,1,41,47,4590,4174
CGATACCTCGCGGACA-1,1,40,48,4500,4225
TACAACGCACAACTCA-1,1,41,49,4589,4277
AATTAAAGGTCGGCGT-1,1,40,50,4499,4328
TACGCAGTTCTTTCCT-1,1,41,51,4589,4380
GACCGTGCTGACGGTG-1,1,40,52,4499,4431
GGCAAATTACTTTACT-1,1,41,53,4588,4483
GGTACAAACATGCTAT-1,1,40,54,4498,4535
CGGGCCTTCTTTGTAA-1,1,41,55,4588,4586
CGTGAAGTTAATTCAC-1,1,40,56,4498,4638
ATAGTGAAGCGTTCTC-1,1,41,57,4587,4690
TACGCCATATTCTAAT-1,1,40,58,4497,4741
GCCGGGTTAGGGTCGC-1,1,41,59,4587,4793
TACATAGGCATACACC-1,1,40,60,4497,4844
GCCGATTGGCCAAGCT-1,1,41,61,4586,4896
CTGCCATGCATCACAT-1,1,40,62,4497,4947
GCGCCGTTCCACGATA-1,1,41,65,4586,5102
CGCATGGTGCGATGCT-1,1,40,66,4496,5153
AGGTTTCACACACCTT-1,1,41,67,4585,5205
CAAGGATCGCATGTTC-1,1,40,68,4495,5256
ACGTTAATGTCGAAGA-1,1,41,69,4585,5308
TCCAGAGCACCGGTTC-1,1,40,70,4495,5359
GATTCGACGGTTCACG-1,1,41,71,4584,5411
GTTTCTGCAGTCTCCC-1,1,40,72,4494,5463
GCTGCACGGTTTCTTA-1,1,41,73,4584,5514
CGTGCAGACTGGGACA-1,1,40,74,4494,5566
ATACGCCGGCGAAACC-1,1,40,78,4493,5772
TCTGCCAGAAACTGCA-1,1,41,79,4582,5824
TTCTGCGGGTTAGCGG-1,1,40,80,4492,5875
CTCGGTACCACTGCTC-1,1,41,81,4582,5927
GTAAGTAACAGTCTGG-1,1,40,82,4492,5978
GTGCGTGTATATGAGC-1,1,41,83,4581,6030
ATTTGTCTTGGGAGCT-1,1,40,84,4491,6081
CCTCGGACCGGGATAG-1,1,41,85,4581,6133
TAGGTGCTCGCCTAGC-1,1,40,86,4491,6184
CTTTAGGAACACTGTT-1,1,41,87,4580,6236
TCGGGCCGTCGTGGTA-1,1,40,88,4491,6287
AGTGCTTGCACGAATA-1,1,41,89,4580,6339
TGCAGTTTCCTCCCAT-1,1,40,90,4490,6391
TGAGAGATTTACCACG-1,1,41,91,4580,6442
ACGTATTACTCCGATC-1,1,41,97,4578,6752
TCTGGGAACCTTTGAA-1,1,40,98,4488,6803
GCTCGCTCATGTCCAA-1,1,41,99,4578,6855
GCGCAAGAGCGCGCTG-1,1,40,100,4488,6906
TTGACGCTCCATGAGC-1,1,41,101,4577,6958
TATAGATGGTCGCAGT-1,1,40,102,4487,7009
ACATGGCGCCAAAGTA-1,1,40,104,4487,7112
CGGACGTTACTTGAAG-1,1,42,6,4689,2061
CCGCCTTGCGATGTCG-1,1,43,7,4778,2113
CCAGTCAAATCTCTTA-1,1,42,8,4688,2164
AAACAGCTTTCAGAAG-1,1,43,9,4778,2216
TAGCTGATGTGAAGCG-1,1,42,10,4688,2267
CTTATGCGCTCAGGGC-1,1,43,11,4777,2319
TGGCTCTTGTCGCGTA-1,1,42,12,4687,2370
TTGTGAGGCATGACGC-1,1,43,13,4777,2422
CATAAGCTCTCCGTCT-1,1,42,14,4687,2473
CCTTCTCAGCGTTCCT-1,1,43,15,4776,2525
TGCAGCTACGTACTTC-1,1,42,16,4686,2576
ACAATAGTCGTACGTT-1,1,42,20,4686,2782
CATGCCAACTCGCAAA-1,1,43,21,4775,2834
TGCAGAACTATATCGT-1,1,42,22,4685,2886
TCGTGTCACGCTGACA-1,1,43,23,4775,2938
TGATCAGGGAACTGCT-1,1,42,24,4685,2989
CTTGCAACCGCCTCCT-1,1,43,25,4774,3041
ATCCAATGGAGGGTCC-1,1,43,27,4774,3144
AAACCGGGTAGGTACC-1,1,42,28,4684,3195
GCAACCACGGCCGCGT-1,1,43,29,4773,3247
CGCTTATTCCCGGTCG-1,1,42,30,4683,3298
TTACTCTGGTACGTAC-1,1,43,31,4773,3350
GTGCCATCACACGGTG-1,1,42,34,4682,3504
CCCAACATACGTCGCG-1,1,43,35,4772,3556
CGGTGCAGATAGAACG-1,1,42,36,4682,3607
GGGCGGGTTCCCTACG-1,1,43,37,4771,3659
TGAGCCATACAGTCTC-1,1,42,38,4681,3710
CTCCGCCCACATGAGG-1,1,43,39,4771,3762
GTTGAACCGGTTCCAT-1,1,42,40,4681,3814
TTGACTACCATATGGT-1,1,43,41,4770,3866
TGCGTAAGAACCTGAT-1,1,43,43,4770,3969
AGAAGGTTGCCGAATT-1,1,42,44,4680,4020
AGGACGACCCATTAGA-1,1,43,45,4770,4072
GGTGCTGGTACACATT-1,1,42,46,4680,4123
GCGCTATGCCGAGGCA-1,1,43,47,4769,4175
ACCCGGTTACACTTCC-1,1,42,48,4679,4226
TAACTCATCCGCGCGG-1,1,43,49,4769,4278
CACAATGAGCTGCTAT-1,1,42,50,4679,4329
GTTACTTTGGGCCTAG-1,1,43,51,4768,4381
GGGCCCGTCTTAAACA-1,1,42,52,4678,4432
GAAATTGTCTCTATAA-1,1,43,53,4768,4484
GGCGCATGAATTGATG-1,1,42,54,4678,4535
CATATAGGTACAGTCA-1,1,43,55,4767,4587
TCAACGAGGAGACAAA-1,1,42,56,4677,4638
TTGCACAATTCAGAAA-1,1,43,57,4767,4690
CATCGGACGGGTTAAT-1,1,42,58,4677,4742
ATTAAACATGCGGACC-1,1,43,59,4766,4794
TATCTACCACAGCGGG-1,1,42,60,4676,4845
CGAGACCCTAGAGTGT-1,1,43,61,4766,4897
ACATCGATCGTTTACC-1,1,42,62,4676,4948
ATCGACCCAATACAGA-1,1,43,63,4765,5000
GAATCTGAACATTCTC-1,1,42,64,4675,5051
AGTTCCTATTTATGTT-1,1,43,65,4765,5103
CAGTCTGTATACTGGG-1,1,42,66,4675,5154
GGAGACGACACCTTTG-1,1,43,67,4764,5206
CCTAAATTAACGGTTC-1,1,42,68,4675,5257
GCTACGACTTATTGGG-1,1,43,69,4764,5309
CTGTGCAGGGTAGGTC-1,1,42,70,4674,5360
ACGCCGCTAGACGACC-1,1,43,71,4764,5412
ACTTGACTCCCTCTTT-1,1,42,72,4674,5463
GATGCTGTATTTCATC-1,1,43,75,4763,5618
CGTGCCCTCCCGAAGA-1,1,43,77,4762,5721
ACTCTCTGACTTAGGT-1,1,42,78,4672,5773
CTGGGTAGGCAGTTAA-1,1,43,79,4762,5825
GTTTGGCCCAAGTTAT-1,1,42,80,4672,5876
GAATGTGGTCCGGATT-1,1,43,81,4761,5928
CCCAGTTAAGGCGCCG-1,1,42,82,4671,5979
CGGTACTAGAATCAAA-1,1,43,83,4761,6031
GCTTAATGTAACTAAC-1,1,42,84,4671,6082
AGGACAGTCGAATCCC-1,1,43,85,4760,6134
GACAGCCAGACCTGAC-1,1,42,86,4670,6185
TAGCCATTTCAAAGTC-1,1,43,89,4759,6340
GGGATTTACCGCACCT-1,1,42,90,4670,6391
ATGCCATTTGCGACCA-1,1,43,91,4759,6443
GAATAGACGCGACCCA-1,1,42,92,4669,6494
TGTATGGCGCAGACAG-1,1,43,93,4759,6546
CACGCGGAACTGTTGC-1,1,42,98,4668,6804
TCTTAGAGTGAACTCT-1,1,43,99,4757,6856
AGTCCATTGGCTGATG-1,1,42,100,4667,6907
TTAAGATAGGATTGAC-1,1,43,101,4757,6959
CACCTTGGCGCCTTTG-1,1,43,103,4756,7062
GCTAGACCGTCTACTG-1,1,42,104,4666,7113
CGGCCCAGGTATATCC-1,1,43,105,4756,7165
GTCCATTACTGCTACG-1,1,42,106,4666,7216
ATTCGTGCTATCTCTT-1,1,42,110,4665,7422
GTTAACTATGTTGTCA-1,1,43,111,4754,7474
GCTCCGCTCGCTTCAG-1,1,42,112,4664,7526
GCAACGGCTAGTTATG-1,1,43,113,4754,7577
AGGTTACACCATGCCG-1,1,43,115,4754,7681
CGAGAGCGCGTAGATA-1,1,45,7,4958,2113
GACAGATTTCTGGCTC-1,1,44,8,4868,2165
GGGCCTAAATGGGCTA-1,1,45,9,4957,2217
ACTTGTAGTCCCTTCA-1,1,44,10,4867,2268
CCCGAAGTTTCGCGAA-1,1,45,11,4957,2320
ACCATCCGCCAACTAG-1,1,44,12,4867,2371
TGCGAATATGGGATTT-1,1,45,13,4956,2423
TACATCCCTATCCCTG-1,1,44,14,4866,2474
GTGGGAAGACTGAATC-1,1,45,15,4956,2526
TCAACATCGACCGAGA-1,1,44,16,4866,2577
CTATGTGAGTCACGGC-1,1,45,17,4955,2629
TGACGAATATTTCCCT-1,1,44,22,4864,2886
TCGGAGAGTATCGGGA-1,1,45,23,4954,2938
CAAATCTCTCACAAGG-1,1,44,24,4864,2989
AGGCCCTAGAACGCCA-1,1,45,25,4953,3041
TAGAGATCATGCAACT-1,1,44,26,4864,3093
TTGTTTCCATACAACT-1,1,45,27,4953,3145
GAGAGGTGCATTCTGG-1,1,44,28,4863,3196
GTGGACCAACCCGATT-1,1,45,29,4953,3248
CTGGGCCTGCTATATC-1,1,44,30,4863,3299
CATAGTCCACAAGAAC-1,1,45,31,4952,3351
TTGACATGAACGTGGA-1,1,44,32,4862,3402
GGTTACCACCCTCGGG-1,1,45,33,4952,3454
TACCGGTCGTTTCCAT-1,1,44,34,4862,3505
CGAGTACTAAAGAGGA-1,1,45,35,4951,3557
GCAAGAATTCCTTGGC-1,1,44,36,4861,3608
TCGCCGAAGTTGCGTC-1,1,45,37,4951,3660
TTGAGAGTACTGCTAA-1,1,44,38,4861,3711
GCCACAATTTAAGGAC-1,1,45,39,4950,3763
ATATTCAGTTAAACCT-1,1,44,40,4860,3814
TGAGTGCCTCTTAAAT-1,1,45,41,4950,3866
GACACTGAGTTCAGTG-1,1,44,46,4859,4124
ATCCTGCGTGGAATGG-1,1,45,47,4948,4176
ATCCTACCTAAGCTCT-1,1,44,48,4859,4227
AGTGATATGAGTAGTT-1,1,45,49,4948,4279
ATGATGCAATGGTACA-1,1,44,50,4858,4330
GAAACCGAATTACCTT-1,1,45,51,4948,4382
AGTGACCTACTTTACG-1,1,44,52,4858,4433
CAAATGTCCTTCCGTG-1,1,45,53,4947,4485
TTACTGGGATATTTCA-1,1,44,54,4857,4536
CTTGCCCAGGCTCTAC-1,1,45,55,4947,4588
AAATCGTGTACCACAA-1,1,44,56,4857,4639
GTGATCATAGATCTGC-1,1,45,57,4946,4691
TGGCAGATTACGATCA-1,1,44,58,4856,4742
TCACCCTCTTAAGATT-1,1,45,59,4946,4794
CAGGATATATCGTTGT-1,1,44,60,4856,4845
CCTGACCACCGATGGT-1,1,45,61,4945,4897
CTAAAGGGAAATAGGA-1,1,44,62,4855,4949
CCGCTATCAGCACCAG-1,1,45,63,4945,5001
CTTTAGTGCTATTATT-1,1,44,64,4855,5052
CGGGAATTTATGTAAA-1,1,45,65,4944,5104
TACGACTGCCTCTTAG-1,1,44,66,4854,5155
AAACTGCTGGCTCCAA-1,1,45,67,4944,5207
GTACGTTTGCCCGTCA-1,1,44,68,4854,5258
GATCTTGGAGGGCATA-1,1,44,70,4854,5361
AGCGTGGTATTCTACT-1,1,45,71,4943,5413
CATGGTAAGTAGCGTT-1,1,45,73,4943,5516
CGTTGAGCGACCGTCG-1,1,44,74,4853,5567
TGCCCGTACCGTTAAA-1,1,45,75,4942,5619
ACAAGGGCAGGCTCTG-1,1,44,76,4852,5670
GAGATCTTCCATGACA-1,1,45,77,4942,5722
AATGACGTAGGATGTC-1,1,44,78,4852,5773
GTGGTGGCCAAGTGAA-1,1,45,79,4941,5825
TCCCGTGTGCAATTTG-1,1,44,80,4851,5877
ACATCGTATGCAATGG-1,1,45,81,4941,5929
GCGAAACTTAACTGGA-1,1,44,82,4851,5980
AATTGAACGCTCTGGT-1,1,45,83,4940,6032
ACAAATGGTAGTGTTT-1,1,44,84,4850,6083
TTCCGGTTACCCACTT-1,1,45,87,4939,6238
GAGTGTGCGGTACCCA-1,1,44,88,4849,6289
CAAGATATTATAACGT-1,1,45,89,4939,6341
ACACACCAGGACCAGT-1,1,44,90,4849,6392
ATGGGCCTCGGCCTCT-1,1,45,91,4938,6444
AAGGTGATAAACCAGC-1,1,44,92,4848,6495
TCTTACTTATGCCTCT-1,1,45,93,4938,6547
AAAGTGTGATTTATCT-1,1,44,94,4848,6598
TGCTCCACAGTTCTTA-1,1,45,95,4937,6650
TAAGGCTGAATCCCTC-1,1,45,97,4937,6753
TCTAGTGATATCGTGG-1,1,44,98,4847,6805
TCGAAGAACCGAGCAC-1,1,45,99,4937,6856
GACAAACATATGCAGG-1,1,44,100,4847,6908
AAGTCAATTGTCGTCA-1,1,45,101,4936,6960
AGTGAACAAACTTCTC-1,1,44,102,4846,7011
CATGATGGAAGTTAGC-1,1,45,103,4936,7063
AAGTGCCTTGACTGTA-1,1,44,104,4846,7114
ATCGCCAGTCAACATT-1,1,45,105,4935,7166
ACCGCGGTGGAAGTCG-1,1,44,106,4845,7217
TAGCGTCCCTCGATTG-1,1,45,109,4934,7372
GTTCGGATCGGGAACA-1,1,44,110,4844,7423
CAAACTCGCGACGCCG-1,1,45,111,4934,7475
GTCTTGTAGCTATTCA-1,1,44,112,4844,7526
TCTCGACGTATCGCCG-1,1,45,113,4933,7578
TTGCCAAGCAGAACCC-1,1,44,114,4843,7629
TTATCTGACATTAGGA-1,1,46,8,5047,2165
AGTGGTGTTACCCGTG-1,1,47,9,5137,2217
GCCAAGAATACTTCTG-1,1,46,10,5047,2269
CCGGCGTGAGACTCTG-1,1,47,11,5136,2320
TTCCCGGCGCCAATAG-1,1,46,12,5046,2372
AAACAGGGTCTATATT-1,1,47,13,5136,2424
ACAGTAATACAACTTG-1,1,46,14,5046,2475
CGAACGGCCGGACAAC-1,1,47,15,5135,2527
GCAACACACTAGAACT-1,1,46,16,5045,2578
ACTCCCATTCCTAAAG-1,1,47,17,5135,2630
ACCTGCGTGTCATGTT-1,1,46,18,5045,2681
ATGTGAAAGCCTAATG-1,1,46,22,5044,2887
AGTCGGCTCAACTTTA-1,1,47,23,5133,2939
CGATCTGTTGGAGGAC-1,1,46,24,5043,2990
ACGGGAGTGTCGGCCC-1,1,47,25,5133,3042
TTAACTTCAGGTAGGA-1,1,46,26,5043,3093
CCACGGAGCCATAAGA-1,1,47,27,5132,3145
CTTCTATGTTGAAGTA-1,1,46,28,5043,3197
CACCGTTGCGCGATAT-1,1,47,29,5132,3248
TCTAGCAATCTCCGCC-1,1,46,30,5042,3300
AGTTTGGCCAGACCTA-1,1,47,31,5132,3352
TTGTAAGGACCTAAGT-1,1,46,32,5042,3403
AAATTTGCGGGTGTGG-1,1,47,33,5131,3455
AAGTTCGGCCAACAGG-1,1,46,34,5041,3506
CCGCTTACCTCACTCT-1,1,47,35,5131,3558
ATCACGTGCTAATTAA-1,1,46,36,5041,3609
GGTGAAGTACAGGGAT-1,1,47,37,5130,3661
GCTGTATTACTGGCCC-1,1,46,38,5040,3712
AACGGCCATCTCCGGT-1,1,47,39,5130,3764
TAAGTAACATCTTGAC-1,1,46,40,5040,3815
TTCTTGAGCCGCGCTA-1,1,47,41,5129,3867
AGTGCGTAGCTCGTAA-1,1,46,42,5039,3918
GGGATGGTCGTAACCG-1,1,47,43,5129,3970
GCGGTTCCCTATCATG-1,1,47,49,5127,4280
GTGACTTCAGTAGTGC-1,1,46,50,5037,4331
CGTCACGTCCATTGGT-1,1,47,51,5127,4383
ATAAGTTACCGCGACG-1,1,46,52,5037,4434
CTGAATCCGAGACCTC-1,1,47,53,5127,4486
TACGACGCTTGCTGCG-1,1,46,54,5037,4537
GAATTCACCCGGGTGT-1,1,47,55,5126,4589
GGGTGACACCTTAACT-1,1,46,56,5036,4640
TGAGTAAATTAGCGTA-1,1,47,57,5126,4692
GAGTCCGCTTACCGGA-1,1,46,58,5036,4743
GGCGCGTTCGAGTTTA-1,1,47,59,5125,4795
ATTCATATACTGTCCA-1,1,46,60,5035,4846
ATAAACGGACCCGTAA-1,1,47,61,5125,4898
GTCGTACCATCTCGGG-1,1,46,62,5035,4949
ATAATAGCTGTTGAAT-1,1,47,63,5124,5001
TTCCGCGTGAGGCGAT-1,1,46,64,5034,5052
GTATCTTTCATAACCA-1,1,46,66,5034,5156
AAATACCTATAAGCAT-1,1,47,69,5123,5311
TTATTAGAGCGTGTTC-1,1,46,70,5033,5362
ATGTGGACATCTTGAT-1,1,47,71,5122,5414
GTACGCTTCATTGCAC-1,1,46,72,5032,5465
CACATATTAGCAGGAT-1,1,47,73,5122,5517
CAAGAGGGCGGAGTAC-1,1,46,74,5032,5568
TCGCAAAGATGCATTT-1,1,47,75,5121,5620
GTCGTTATTCGCTTAT-1,1,46,76,5032,5671
TCGTGTACTATGGATG-1,1,47,77,5121,5723
GCGGAGAGGGAGAACG-1,1,46,78,5031,5774
TCACAGGGAATCGCAA-1,1,47,79,5121,5826
GACTGCACCAGCCCAG-1,1,46,80,5031,5877
TCCGCTGTCATCCCGG-1,1,47,81,5120,5929
AGATACTCAAGATCGA-1,1,46,82,5030,5980
TCCTACATCCACGGCC-1,1,46,84,5030,6084
TTCAGCCCTGGTCCAC-1,1,47,85,5119,6136
TTAGAGTTTAGAAGGA-1,1,46,86,5029,6187
GGTTAGCTATATGTCT-1,1,47,87,5119,6239
CTGGTTTCGAGCAAGA-1,1,46,88,5029,6290
TGGGCCCATACTAATT-1,1,47,89,5118,6342
ACTTATTTATGTGCCA-1,1,46,90,5028,6393
TTAGTTATTCGTGGCA-1,1,47,91,5118,6445
AACCGCTAAGGGATGC-1,1,46,92,5028,6496
ATACGTCCACTCCTGT-1,1,47,93,5117,6548
CGACACGCTCCGACAG-1,1,46,94,5027,6599
TCTGAACTCGTACCCG-1,1,47,95,5117,6651
AGGATATAGGGATTTA-1,1,46,96,5027,6702
GTGATCACTAACGCCT-1,1,47,97,5116,6754
ACCGGGCCTTTGTTGA-1,1,46,98,5027,6805
TTGACAGGAGCTCCCG-1,1,47,99,5116,6857
CTCTTCTATTGACTGG-1,1,46,100,5026,6908
TCAAGGTTACTACACC-1,1,47,103,5115,7064
TTGACTATTGTCCGGC-1,1,46,104,5025,7115
CGGGAATATAGTATAC-1,1,47,105,5115,7167
GCAACAGCAGTATGCG-1,1,46,106,5025,7218
TGAATGTCAGCCGGCC-1,1,47,109,5114,7373
CGGCTCTAAAGCTGCA-1,1,46,110,5024,7424
GGACACAAGTTTACAC-1,1,47,111,5113,7476
CCGAGAAGTCGCATAA-1,1,46,112,5023,7527
AACTACCCGTTTGTCA-1,1,47,113,5113,7579
GCACAAACGAGGCGTG-1,1,46,114,5023,7630
CGCCACAGGTCGCGAT-1,1,49,9,5316,2218
TTGAATCGTTGTATAA-1,1,48,10,5226,2269
TGGCCAATTTGGTACT-1,1,49,11,5316,2321
CGACCCTTAACGCCGG-1,1,48,12,5226,2372
TCGGCGTACTGCACAA-1,1,49,13,5315,2424
GAGTAAGGCCACGGGA-1,1,48,14,5225,2476
ATCAGCTCGTCCACTA-1,1,49,15,5315,2527
AGGATCACGCGATCTG-1,1,48,16,5225,2579
AAATGGCCCGTGCCCT-1,1,49,17,5314,2631
CAGTACCAGTTTACGT-1,1,48,18,5224,2682
GGTCGTAAGCTCGCAC-1,1,49,19,5314,2734
ACTCGTAACCCGTCCT-1,1,49,23,5313,2940
CATATGTCAGGCTACG-1,1,48,24,5223,2991
GCCCGACTTCTTCCCG-1,1,49,25,5312,3043
CTGGCATCCGAATGAG-1,1,48,26,5222,3094
AAGTGCGTTAGAATCT-1,1,49,27,5312,3146
AGAAGTGATTCGTGAT-1,1,48,28,5222,3197
TACCTTAAGATTTCCC-1,1,49,29,5311,3249
AATGACAGCAATGTCT-1,1,48,30,5221,3300
TCAACGCAGGAAATAA-1,1,49,31,5311,3352
TATTCCTCCGCCCACT-1,1,48,32,5221,3404
ATCAAACGAAGGTTTG-1,1,49,33,5310,3455
TTGATTAGCTGTTTCT-1,1,48,34,5221,3507
CTGCTGAGGCCACGAA-1,1,49,35,5310,3559
CCGTGTTAAATTCCAT-1,1,48,36,5220,3610
CACGTCGGCAACCTCT-1,1,49,37,5310,3662
GTATTCTGAGAAACGA-1,1,48,38,5220,3713
CGGTGCGCGTTGGTCC-1,1,49,39,5309,3765
GTGATTCGCCGCTCAA-1,1,48,40,5219,3816
GCCCGCGCGTAAACGG-1,1,49,41,5309,3868
AACGTACTGTGGGTAC-1,1,48,42,5219,3919
GAGTATGCCCGCCTTG-1,1,49,43,5308,3971
TGATTCTGTCGCCGGT-1,1,48,44,5218,4022
GGGCGGCAAATGAATT-1,1,49,45,5308,4074
TTCCAATCTGGCTATC-1,1,48,46,5218,4125
GGAACCGTGTAAATTG-1,1,49,47,5307,4177
TTGGTCACACTCGTAA-1,1,48,48,5217,4228
CGAACCCGCATGCGTC-1,1,49,49,5307,4280
GGGCGTCACCACGTAA-1,1,48,50,5217,4332
TACCAGAAGTAGGTTC-1,1,49,51,5306,4383
TTGGATATCGTCTACG-1,1,48,52,5216,4435
TAGATATGGACTGGAA-1,1,49,53,5306,4487
GCGACGATAGTTGTAC-1,1,48,54,5216,4538
CTGGATTTACACTTGA-1,1,49,55,5305,4590
GTTATATTATCTCCCT-1,1,48,56,5216,4641
TATTCCACTCAGCTCG-1,1,49,57,5305,4693
CTGTTACCCAATCTAG-1,1,48,58,5215,4744
ACGCGAAGTCAGACGA-1,1,49,59,5305,4796
GATAGGTAACGTTGAC-1,1,48,60,5215,4847
TGTTCGTATTGCGGTG-1,1,49,61,5304,4899
AATTCTAGAGTTAGGC-1,1,49,63,5304,5002
GTTTACGTTCCATCTG-1,1,48,64,5214,5053
AGACCCACCGCTGATC-1,1,49,65,5303,5105
TCTAGCATGCCCAGAA-1,1,48,66,5213,5156
CCCGCAGCGCGAACTA-1,1,49,67,5303,5208
CTCTATTTGGCTGCAG-1,1,48,68,5213,5259
TTCTGCCGCGCCTAGA-1,1,49,69,5302,5311
ACTCCCTAGAATAGTA-1,1,48,70,5212,5363
CCGAACCTTCCCGGCC-1,1,49,71,5302,5415
TCAGACGCTATAGAAG-1,1,48,72,5212,5466
CAGGCGCCATGCTAGG-1,1,49,73,5301,5518
CACTCGAGCTGAACAA-1,1,48,74,5211,5569
ACAAGGAAATCCGCCC-1,1,49,75,5301,5621
ACCACGTGCAGCTATA-1,1,48,76,5211,5672
ACGGCGACGATGGGAA-1,1,49,77,5300,5724
TTACTAAAGGACTTTA-1,1,48,78,5210,5775
GGCTGAAATAGCAAAG-1,1,49,79,5300,5827
TTAGACGAGTCACCTC-1,1,48,80,5210,5878
GTTAAAGTAGGACTGG-1,1,49,83,5299,6033
ACCCTCCCTTGCTATT-1,1,48,84,5209,6084
CATGTCTCATTTATGG-1,1,49,85,5299,6136
AATAGAATCTGTTTCA-1,1,48,86,5209,6187
TCTCATGAGATAGGGT-1,1,49,87,5298,6239
ATGACTATGCGACATT-1,1,48,88,5208,6291
CCTAACCCAAACAAGT-1,1,49,89,5298,6343
AGTCAAGATGACACTT-1,1,48,90,5208,6394
CGGGAGCTTCAGTGTA-1,1,49,91,5297,6446
CCACAGTACCCATCCT-1,1,48,92,5207,6497
GAGCGCGCACGAGTAG-1,1,49,93,5297,6549
ACCAGTGCGGGAGACG-1,1,48,94,5207,6600
TCCTTACGACGGTCCG-1,1,49,95,5296,6652
TAGTCGATCACGGGTT-1,1,48,96,5206,6703
AGACGAAGTGCCGGTC-1,1,49,97,5296,6755
CGCTGGTGACTACCCT-1,1,48,98,5206,6806
AGGCATTGTCGTAGGG-1,1,49,99,5295,6858
TGGTAGAATATATGGG-1,1,48,100,5205,6909
GCATCGGCCGTGTAGG-1,1,49,103,5294,7064
ATGCGAGTCCCACCAC-1,1,48,104,5205,7115
TCGGCGAACCCAAACC-1,1,49,105,5294,7167
AGAGTAAACTTCACTA-1,1,48,106,5204,7219
AATATCGAATCAATGC-1,1,49,109,5293,7374
GCGCCTCCCACTCCGA-1,1,48,110,5203,7425
CGTTAAACTAGTTAGG-1,1,49,111,5293,7477
TGAGTTAAAGACATTC-1,1,48,112,5203,7528
AACAGGTAGTATGGAT-1,1,49,113,5292,7580
GAACGCGGGTCACACG-1,1,48,114,5202,7631
CGACGCATCCGTACCT-1,1,50,10,5405,2270
CCTAGGTAAAGGTAGC-1,1,51,11,5495,2322
AGCGGCGGTTAGCGGT-1,1,50,12,5405,2373
CTGGACGCAGTCCGGC-1,1,51,13,5494,2425
AGCCTAATACCCACGT-1,1,50,14,5405,2476
AATCTGGCTTTCTAGT-1,1,51,15,5494,2528
CACCCTTGGTGAGACC-1,1,50,16,5404,2579
GGATCTTGACTCAACC-1,1,51,17,5494,2631
ACGAGGATACCACTCT-1,1,50,18,5404,2683
AGCCGTGGCTAAATGT-1,1,50,22,5403,2889
CTCCCTCCTTTCGATC-1,1,51,23,5492,2941
TTGGAAGAATACAGTC-1,1,50,24,5402,2992
AGTTAAGTCAACCGCT-1,1,51,25,5492,3044
CTCATGGTAATTTGCG-1,1,50,26,5402,3095
AAAGTAGCATTGCTCA-1,1,51,27,5491,3147
TTGTGGTAGGAGGGAT-1,1,50,28,5401,3198
AGTCGTGGGCATTACG-1,1,51,29,5491,3250
ACCTAAGTACCTTTCA-1,1,50,30,5401,3301
GTAGAGGGAGACAAGT-1,1,51,31,5490,3353
GATCCTCGACACTGGC-1,1,50,32,5400,3404
CCTACATTCACAGACG-1,1,51,33,5490,3456
TTGACCGTGTTAATGA-1,1,50,34,5400,3507
TCTGTTACCCAGCATA-1,1,51,35,5489,3559
CTAACTGGTCCGGTTC-1,1,50,36,5400,3611
AGCGACAGGAACGGTC-1,1,51,37,5489,3662
TAATAGAACAGAGTTA-1,1,50,38,5399,3714
ACAGGTGGAGGTGAGG-1,1,51,39,5489,3766
TGCGAGAATATTACCC-1,1,50,40,5399,3817
TTGCGTCGGCCAACCG-1,1,51,41,5488,3869
AGGCTTCCCGAAGAAG-1,1,50,42,5398,3920
GCGGACCGCGTTGTGG-1,1,51,43,5488,3972
GTAATCTGATTCTTCG-1,1,50,44,5398,4023
CCGCGGAATGCGTCAC-1,1,51,45,5487,4075
TTCCACACAGATTTGA-1,1,50,46,5397,4126
CTTCTATTAATGCTAG-1,1,51,47,5487,4178
CATTTGAGTGGTACGT-1,1,50,48,5397,4229
CAGACGAACCTGATAC-1,1,50,50,5396,4332
TAGCTAGAAGGCATGA-1,1,51,51,5486,4384
ATCCAGAGCAACAACC-1,1,50,52,5396,4435
TCCGGTTCGTCCGGTC-1,1,51,53,5485,4487
CGCGCATGTTTGATTG-1,1,50,54,5395,4539
TGGCGATCAAGTTATG-1,1,51,55,5485,4590
CCCTTTGACAGGTCTT-1,1,50,56,5395,4642
CAGAGACGGTCACCCA-1,1,51,57,5484,4694
TAGCTCGCCTGATAAC-1,1,50,58,5394,4745
TTGTGTTTCCCGAAAG-1,1,51,59,5484,4797
TATACACAGACGCCTT-1,1,50,60,5394,4848
ACATTAGTTTATATCC-1,1,51,61,5483,4900
CCATCGCAGTTAAACT-1,1,50,62,5394,4951
AATTAGCGCTGCAGCG-1,1,51,63,5483,5003
TCCGCTTATCCCATTA-1,1,50,64,5393,5054
GTTTGGGCTTGTGAGC-1,1,51,65,5483,5106
CTTGTCAACATTCGAG-1,1,50,66,5393,5157
GGACCAACAGGATAAC-1,1,51,67,5482,5209
AAGCTAGATCGAGTAA-1,1,50,68,5392,5260
TACCGTGCCTCGGACC-1,1,51,69,5482,5312
GTAGCCAAACATGGGA-1,1,50,70,5392,5363
TGCCAGTACGTGGAGA-1,1,51,71,5481,5415
ATAAGGTGGAGAACAT-1,1,50,72,5391,5467
CTTTAATATTGGTCGA-1,1,51,73,5481,5518
TGGTTCAACGGGTAAT-1,1,50,74,5391,5570
GCTGCTACTGCGTAGC-1,1,51,75,5480,5622
CTGCACAACTACATAT-1,1,50,76,5390,5673
ATATTCCACATAGTGA-1,1,51,77,5480,5725
TGGCAAACTAAATTAC-1,1,50,78,5390,5776
ACAAATCGCACCGAAT-1,1,50,82,5389,5982
TCTGATGTATTCTGTC-1,1,51,83,5478,6034
CTTTACCGAATAGTAG-1,1,50,84,5389,6085
GCAGATCCATAAGACT-1,1,51,85,5478,6137
TTCCTCGGACTAACCA-1,1,50,86,5388,6188
TTATCCGGGATCTATA-1,1,51,87,5478,6240
CTGGAAGACACGGTGG-1,1,50,88,5388,6291
GTTCGTCTAAAGAACT-1,1,51,89,5477,6343
GTCTATTGGTTCCGGT-1,1,50,90,5387,6394
CTAGGCGCCCTATCAG-1,1,51,91,5477,6446
AACGGACGTACGTATA-1,1,50,92,5387,6498
AACACACGCTCGCCGC-1,1,51,93,5476,6550
GCTACTATAGTAGAGT-1,1,50,94,5386,6601
AGCATATCAATATGCT-1,1,51,95,5476,6653
CGAACAGTATGGGCGT-1,1,50,96,5386,6704
ACAATTGTGTCTCTTT-1,1,51,97,5475,6756
GATCGCTACCCGATTT-1,1,50,98,5385,6807
ATTGCGATCAGTAACT-1,1,51,99,5475,6859
GGCAGCAAACCTATGC-1,1,51,103,5474,7065
ACTAGTTGCGATCGTC-1,1,50,104,5384,7116
TTGGACCATCTGGCAA-1,1,51,105,5473,7168
CCCTCCTCGCTCGTAT-1,1,50,106,5384,7219
GAGCGCAAATACTCCG-1,1,51,107,5473,7271
ATTACATGTCAGTCTT-1,1,50,108,5383,7322
TTGGGACGTAAGAGTT-1,1,51,109,5473,7374
CTTCGGCCAATTGTTT-1,1,50,110,5383,7426
AGACCGCTCCGCGGTT-1,1,51,111,5472,7478
GACCGCGTCTGACGTG-1,1,50,112,5382,7529
CCAAATAACAAGATTC-1,1,51,113,5472,7581
TCTTTAGAGTCTAACA-1,1,50,114,5382,7632
CCCAGTAAACTTGGGA-1,1,52,12,5584,2374
AGATTCACAACCGATA-1,1,53,13,5674,2426
AGAAGGTACACTTCAC-1,1,52,14,5584,2477
GCAGGAACTTAGATCT-1,1,53,15,5673,2529
AATCTAGGTTTACTTG-1,1,52,16,5583,2580
CCCGGTGTATCGGAAT-1,1,53,17,5673,2632
TTATCCTCAAGGAATA-1,1,52,18,5583,2683
AGCATCATTTCGAAAG-1,1,53,19,5673,2735
CGCGAGTCTGCCGGGT-1,1,52,20,5583,2786
TGCGTCATGACTGAGC-1,1,53,21,5672,2838
GTATGAAATTTCACTC-1,1,52,22,5582,2890
TTGGTTGCGGTGCGCG-1,1,53,23,5672,2942
ACAGAACTGAGAACAA-1,1,52,24,5582,2993
CTACTATCATAGGTTT-1,1,53,25,5671,3045
CCTCTATCGATTAGCA-1,1,52,26,5581,3096
CCGTATCTCGTCGTAG-1,1,53,27,5671,3148
TCACGATGTCCGTGGA-1,1,52,28,5581,3199
TCAACAAAGATAATTC-1,1,53,29,5670,3251
ATGACGCGTTCTATCC-1,1,52,30,5580,3302
ATTTGCGCGAGTAGCT-1,1,53,31,5670,3354
TTCTTGGACGATCTGC-1,1,52,32,5580,3405
AGACGACGATGCCGCT-1,1,53,33,5669,3457
GGTCTCTGAATGGACT-1,1,52,34,5579,3508
GCTCAATCCGTTTATT-1,1,53,35,5669,3560
CCAGAAAGCAACTCAT-1,1,52,36,5579,3611
CACCGTTAGGGATCAC-1,1,53,37,5668,3663
AATAACACTAGAACAA-1,1,52,38,5578,3714
CACCCGGTTTGTGACT-1,1,53,39,5668,3766
CCACCAACTTTACTGT-1,1,52,40,5578,3818
AACTCTCAGTGTGCTC-1,1,53,41,5667,3869
AAACCGTTCGTCCAGG-1,1,52,42,5578,3921
CAGCGATTCCCTTCAA-1,1,53,43,5667,3973
GCTAGCTTGAATAGCT-1,1,52,44,5577,4024
TTGCGGCATCAGAAAG-1,1,53,45,5667,4076
AATAGAACAGAGTGGC-1,1,52,46,5577,4127
GCCATCGAGCTGCGTG-1,1,53,47,5666,4179
ACCAACGCTTATTTAT-1,1,53,49,5666,4282
GACATCGATTTATAAC-1,1,52,50,5576,4333
CAGACACCGATCGCTG-1,1,53,51,5665,4385
CCAAGAAAGTGGGCGA-1,1,52,52,5575,4436
GGTAGACCGTTGGGCG-1,1,53,53,5665,4488
TCGTTAGGAGTCCCTA-1,1,52,54,5575,4539
ACGGCCAACATGGACT-1,1,53,55,5664,4591
GTGAGTGGTACAACGC-1,1,52,56,5574,4642
GAGACTTCGCGACCGA-1,1,53,57,5664,4694
GAAGTCAGTTGCACTA-1,1,52,58,5574,4746
GTTTGGTAGGGTCAAC-1,1,53,59,5663,4797
ACGGCACTTGCTTGGG-1,1,52,60,5573,4849
CCTCTGTACTATTCTA-1,1,53,61,5663,4901
CTATTCATGTGTCCCA-1,1,52,62,5573,4952
GCCCGATCTGTGGTCG-1,1,53,63,5662,5004
TTAGAAGAACATGACT-1,1,52,64,5573,5055
AGGATAAAGTCGGGAT-1,1,53,65,5662,5107
CGGCAAACATCGTGCG-1,1,52,66,5572,5158
CTAGTTACAACCCGGT-1,1,53,67,5662,5210
TTCGACAGAGCCCGTG-1,1,52,68,5572,5261
AAGCATACTCTCCTGA-1,1,53,69,5661,5313
GACGACGATCCGCGTT-1,1,52,70,5571,5364
GGTAGAAGACCGCCTG-1,1,53,71,5661,5416
GAGATGGGAGTCGACA-1,1,52,72,5571,5467
AACGATAATGCCGTAG-1,1,53,73,5660,5519
TGGTCCCACGCTACGG-1,1,52,74,5570,5570
CTGCTTGGCGATAGCT-1,1,53,75,5660,5622
ATCGGAGACAGACGGC-1,1,52,76,5570,5674
TAGCGTCCGGTGTGGT-1,1,53,77,5659,5725
GTTGAGTCCCGCCGGT-1,1,52,78,5569,5777
AAATAGGGTGCTATTG-1,1,53,79,5659,5829
TCGTCTTAGGCGTTAA-1,1,53,83,5658,6035
TTCTGACCGGGCTCAA-1,1,52,84,5568,6086
CAGAACTTAGCCCTCT-1,1,53,85,5657,6138
AGCTCCTTCGCACATC-1,1,52,86,5567,6189
ACAGGCTTGCCCGACT-1,1,53,87,5657,6241
GCTATACGTCTCGGAC-1,1,52,88,5567,6292
GAGCCAGCTACCTGTG-1,1,53,89,5657,6344
TGCTAAGTGTCTATTT-1,1,52,90,5567,6395
GTCCTACGAATAGTCT-1,1,53,91,5656,6447
CAGTGTCGGCTGGCCC-1,1,52,92,5566,6498
CTATCGACGAAATACA-1,1,53,93,5656,6550
CATCATTACCCTGAGG-1,1,52,94,5566,6602
TAAGTTGCGACGTAGG-1,1,53,95,5655,6653
AGTGCACGCTTAAGAA-1,1,52,96,5565,6705
TGTGCCGGTGCCGGAA-1,1,53,97,5655,6757
AGGAGGCCTTCGCGCG-1,1,52,98,5565,6808
TCCGCGGCCCAATGAA-1,1,53,99,5654,6860
TCCGTTAAGCTAATAT-1,1,52,100,5564,6911
AAATCTAGCCCTGCTA-1,1,53,101,5654,6963
CACCGTATCCCATCCG-1,1,52,104,5563,7117
GGTCAAGACTACTTCG-1,1,53,105,5653,7169
CCCGTTTCGCAGATGT-1,1,52,106,5563,7220
GTTATAATACGGTGAA-1,1,53,107,5652,7272
ACTTGTGGATGGAACG-1,1,52,108,5562,7323
GTTCGCTGAGACGTCT-1,1,53,109,5652,7375
GACACTGGAACCCGAT-1,1,52,110,5562,7426
CCCAGGTCTGAAGGCT-1,1,53,111,5651,7478
TCTCGAGGAGGTTCGC-1,1,52,112,5562,7529
GTTAGGCTACCCGTTT-1,1,54,14,5763,2478
GCCCTAGCCGTCGCGA-1,1,54,16,5763,2581
CAGATCCTGGTTTGAA-1,1,55,17,5852,2633
CTTCAGTGGTCGCCTA-1,1,54,18,5762,2684
GGGCAACCGCACGTGC-1,1,55,19,5852,2736
GACCCAATTATGATAC-1,1,54,20,5762,2787
GAAGCTCGGACCCGTC-1,1,55,21,5851,2839
CGTCGGGTCTAAGCGC-1,1,54,22,5762,2890
GAGGCCCGACTCCGCA-1,1,55,23,5851,2942
TTGCCATAGCCCGCTC-1,1,54,24,5761,2993
TAACATACACGCGATC-1,1,55,25,5851,3045
CCGACGGGCATGAGGT-1,1,54,26,5761,3097
AATGTGCCCGAGGTGT-1,1,55,27,5850,3149
AGCTGTAACCTCAATC-1,1,54,28,5760,3200
CGAGTGAAGGTACCAG-1,1,55,29,5850,3252
AGTCTCACAAGACTAC-1,1,54,30,5760,3303
AAATTGATAGTCCTTT-1,1,55,31,5849,3355
TAAGTCGCCGAGTATC-1,1,54,32,5759,3406
GCGGAGAAACTTCGCA-1,1,55,33,5849,3458
GGCAAAGGCGCCAATA-1,1,54,34,5759,3509
ATTTCCGGGTTCTGCG-1,1,55,35,5848,3561
TAAACCCAGGAGGGCA-1,1,54,36,5758,3612
TTCGGGCGCTAGTCTT-1,1,55,37,5848,3664
GTGGAGTCGGCGGTTG-1,1,54,38,5758,3715
GCACGCCTACTTAGAT-1,1,55,39,5847,3767
CAATATTCTTGACCTA-1,1,54,40,5757,3818
CGTTTGTGTAGAGGGT-1,1,55,41,5847,3870
CATAGCGTTGCCCACC-1,1,54,42,5757,3921
TGATACATTTAGCCGT-1,1,55,43,5846,3973
TTCCGGCCTTGAGGCT-1,1,54,44,5756,4025
CCTATACCGTCCTGTC-1,1,55,45,5846,4077
TCGTTGCTATCCGGTC-1,1,54,46,5756,4128
TGGCGACTGCTCCAAA-1,1,55,47,5846,4180
CAGAGGCGATGCATGA-1,1,54,48,5756,4231
TCACAGGAGAATAAGA-1,1,55,49,5845,4283
GGGTTAACATTTGAGT-1,1,54,50,5755,4334
GCGGGCGAGCCTTACC-1,1,55,51,5845,4386
TGCCAATGGGTACTCT-1,1,54,52,5755,4437
AGGGACTCTACGCGAC-1,1,55,53,5844,4489
GACGCCGTAAAGGCTA-1,1,54,54,5754,4540
AAAGGCTCTCGCGCCG-1,1,55,55,5844,4592
CTGGCTGGTTGTCAGT-1,1,54,56,5754,4643
ACATCCCGGCCATACG-1,1,55,57,5843,4695
CTCTTGTCCCGCTTGG-1,1,54,58,5753,4746
TACGCCTCCATTCCGA-1,1,55,59,5843,4798
CGGAGCAATTTAATCG-1,1,54,60,5753,4849
AACTAGGCTTGGGTGT-1,1,55,61,5842,4901
GCGTCGCCAGGGTGAT-1,1,54,62,5752,4953
GTTGGTCATGCTATCC-1,1,55,63,5842,5005
GCTGGCGGCGCATGCT-1,1,54,64,5752,5056
TGAGCGGAAAGTGTTC-1,1,55,65,5841,5108
CTTTCTGTGCGGGCTT-1,1,54,66,5751,5159
ATCTAATATCCTACGG-1,1,55,67,5841,5211
AACCTTTAAATACGGT-1,1,54,68,5751,5262
TTCACTCGAGCACCTA-1,1,55,69,5840,5314
CTGCACTCCAGTACAG-1,1,54,70,5751,5365
CCATTTCTACCTATTA-1,1,55,71,5840,5417
CAAGCGGCACATAATT-1,1,54,72,5750,5468
GTTAACATCACTTAAA-1,1,55,73,5840,5520
ATATAAATGTAGCTGC-1,1,54,74,5750,5571
GCCTCTATACATAGCA-1,1,55,75,5839,5623
GTGTCGTATAGCGTTC-1,1,54,76,5749,5674
GCTATCATACTCATGG-1,1,54,78,5749,5777
CCTATAATGAGTGCCC-1,1,55,81,5838,5932
CAATGCGAGAAGTATC-1,1,54,82,5748,5984
TACCAATAAAGTACCA-1,1,55,83,5837,6036
GCTAGGCACCACGGAG-1,1,54,84,5747,6087
GGTGGACTGCTCTGGC-1,1,55,85,5837,6139
TATTCCGAGCTGTTAT-1,1,54,86,5747,6190
TTGAGAAGTTTAGCAT-1,1,55,87,5836,6242
GTCCGGACCTGAAATT-1,1,54,88,5746,6293
CTGTGGTCGGGAGATA-1,1,55,89,5836,6345
CATGTAAGAGACATTT-1,1,54,90,5746,6396
CACGTTTCGTACACAC-1,1,55,91,5835,6448
CATCCTCTCAAAGATC-1,1,54,92,5746,6499
GATTAACCGAAAGCCC-1,1,55,93,5835,6551
AACGCTGTTGCTGAAA-1,1,54,94,5745,6602
TTCAGCTGGCGTGCCC-1,1,55,95,5835,6654
TAGAGGTTCTACTTGT-1,1,54,96,5745,6705
GTATCAAACGTTAGCT-1,1,55,97,5834,6757
AATCATGTAAAGACTC-1,1,54,98,5744,6809
AGTCACTAGCTCTCGA-1,1,55,99,5834,6860
GCGAAACGATCGGGAG-1,1,54,100,5744,6912
CATGGATTGTCTTCCG-1,1,55,101,5833,6964
ATTGGATTACAGCGTA-1,1,54,102,5743,7015
CACACACGCTAACGAG-1,1,55,103,5833,7067
TGCCTAATTGAAGATT-1,1,55,105,5832,7170
TGGCAATGGGACGGCG-1,1,54,106,5742,7221
ACCTCCGCCCTCGCTG-1,1,55,107,5832,7273
CGGCAATAAGATCGCC-1,1,54,108,5742,7324
CCTTGACCACTTTATT-1,1,55,109,5831,7376
TCATTTAGAAGTGTGA-1,1,54,110,5741,7427
TATCTTGCAATACAAC-1,1,56,16,5942,2582
TATTATGTTTGCCTGC-1,1,57,17,6032,2634
GTCAAAGAAGTGGTGT-1,1,56,18,5942,2685
GGGACAGAGTTACTCC-1,1,57,19,6031,2737
AGCAACCGAAAGTAAT-1,1,56,20,5941,2788
CTCTCTAACTGCCTAG-1,1,57,21,6031,2840
ATACGGAACGTCGTTT-1,1,56,22,5941,2891
TCGGTCCCGACAATAG-1,1,57,23,6030,2943
CGCGCAAATGTCCAGA-1,1,56,24,5940,2994
TCTAATACTGCCTCAG-1,1,57,25,6030,3046
CTCGGTTGTCGGCCCT-1,1,56,26,5940,3097
GGTAACCGGGAGGATA-1,1,57,27,6029,3149
CAGGCGCACGGTGGTC-1,1,56,28,5940,3200
TCATCGATGGTCCCAA-1,1,57,29,6029,3252
CAAAGATTATTGGGCC-1,1,56,30,5939,3304
ACAATGAATACGGAGA-1,1,57,31,6029,3356
GCTCCTGACATACTGG-1,1,56,32,5939,3407
GATGACAAGTAGGGCA-1,1,57,33,6028,3459
TACGCCGAGGGTACCC-1,1,56,34,5938,3510
AAGCGTCCCTCATCGA-1,1,57,35,6028,3562
CACTCCTATGTAAGAT-1,1,56,36,5938,3613
TCGAGCCAGGCAGGCC-1,1,57,37,6027,3665
TCGTCAAGTACGCGCA-1,1,56,38,5937,3716
CCCGTAGCTGGGAAGA-1,1,57,39,6027,3768
ACCCTATGCCATATCG-1,1,56,40,5937,3819
GTGGTATAGTCTGCCG-1,1,57,41,6026,3871
CCGGTTTGTAATTGTG-1,1,56,42,5936,3922
GTCGCCGTTGTGTGTT-1,1,57,43,6026,3974
TACTGAACAGATTTAG-1,1,56,44,5936,4025
TATTAACCTGACCGCG-1,1,57,45,6025,4077
CTGTAGCCATCTCACT-1,1,56,46,5935,4128
TACTATGGTTCCTCAG-1,1,57,47,6025,4180
GAGTCAGACCAGAATC-1,1,56,48,5935,4232
TAAGGCATAACATCAA-1,1,57,49,6024,4284
CTTCCGCTCCGTGAAG-1,1,56,50,5935,4335
GGGCTATGATCGATGG-1,1,57,51,6024,4387
GGTCGGTCGTCCACAG-1,1,56,52,5934,4438
GGGACCCGTATATCTT-1,1,57,53,6024,4490
GAAAGCAGTGCACTTT-1,1,56,54,5934,4541
AGCGCATAATGAATCG-1,1,57,55,6023,4593
GCTGCTAAGTAGTCGA-1,1,56,56,5933,4644
AATAGTCCGTCCCGAC-1,1,57,57,6023,4696
AGCAGCCAGATGAATA-1,1,56,58,5933,4747
CCTCGCGCTGTGCGAT-1,1,57,59,6022,4799
TTGTGTATGCCACCAA-1,1,56,60,5932,4850
TGCTCGGCGAAACCCA-1,1,57,61,6022,4902
CGATTAAATATCTCCT-1,1,56,62,5932,4953
TGCCGTGGATCGTCCT-1,1,57,63,6021,5005
GTGGACGCATTTGTCC-1,1,56,64,5931,5056
ACCCGGAAACTCCCAG-1,1,57,65,6021,5108
CCGCATGTGGTACGAT-1,1,56,66,5931,5160
GCAAACCTTGGCCATA-1,1,57,67,6020,5212
ATTCACTGATGTTGGA-1,1,56,68,5930,5263
ACTCCCTAATGCTAAA-1,1,57,69,6020,5315
TCCTAAATTGGGAAGC-1,1,56,70,5930,5366
GAACAGATTACTAAAT-1,1,57,71,6019,5418
ATACAGGCCCTCCAAT-1,1,56,72,5930,5469
CGATTCGCCTGGCTGC-1,1,57,73,6019,5521
CACATCTCACCGACGA-1,1,57,75,6019,5624
CGTTGAATACCGCGCT-1,1,57,77,6018,5727
ACCAATATGCAAGTTA-1,1,56,78,5928,5778
ACGGATGGTGCGGATA-1,1,57,79,6018,5830
CACCCTAACAAGATCT-1,1,56,80,5928,5881
AAGCTCTTTCATGGTG-1,1,57,81,6017,5933
CATGGGTATGCCTTAT-1,1,56,82,5927,5984
GCGCGTCATTGGTACA-1,1,57,83,6017,6036
TCTGAAGCACGTGGTC-1,1,56,84,5927,6088
AAGTTCACTCCAAGCT-1,1,57,85,6016,6140
TTGGACCTATAACAGT-1,1,56,86,5926,6191
ATCAGCCTCATGCTGC-1,1,57,87,6016,6243
AGTACTCTTATGCCCA-1,1,56,88,5926,6294
GCGCTTAAATAATTGG-1,1,57,89,6015,6346
TTGTGAACCTAATCCG-1,1,56,90,5925,6397
AGTCGTCGACCACCAA-1,1,57,91,6015,6449
TCCTTTAAATCCGCTT-1,1,56,92,5925,6500
ACTGAAACGCCGTTAG-1,1,57,93,6014,6552
GCACACACTGGTAGCC-1,1,56,94,5924,6603
TAAGGGCCTGTCCGAT-1,1,57,95,6014,6655
GCTAGAGTAGAGATGT-1,1,56,96,5924,6706
CACAGGGCCATATAGT-1,1,57,97,6014,6758
CCATGCCCTAGATTTC-1,1,56,98,5924,6809
TCGCGTAGCAGTGTCC-1,1,57,99,6013,6861
GACGAGGCTAATAAAC-1,1,56,100,5923,6912
CTACACTCGCAGATGG-1,1,57,101,6013,6964
ACGCATACGTTTACTA-1,1,56,102,5923,7016
GGAGCAACATTTCAAG-1,1,57,103,6012,7067
CGAGAGGGTAGCCGCG-1,1,56,104,5922,7119
TCGTGTTCGACCACAA-1,1,57,105,6012,7171
TCTACCCAATAGAGAG-1,1,56,106,5922,7222
ATAAACGTTGCACCAC-1,1,57,107,6011,7274
TCAACTGCAGAGTCAG-1,1,56,108,5921,7325
AGGCGGTTTGTCCCGC-1,1,59,17,6211,2635
TCCCTGGCGTATTAAC-1,1,58,18,6121,2686
AAACACCAATAACTGC-1,1,59,19,6211,2738
TGGACGCAATCCAGCC-1,1,58,20,6121,2789
GGAACCTTGACTCTGC-1,1,59,21,6210,2841
GTATCTCAGTCTTGAC-1,1,58,22,6120,2892
GCTGAATCTTCCAATC-1,1,59,23,6210,2944
AGATGCAAGACGTGCA-1,1,58,24,6120,2995
TTAAGGCCCGTACTTT-1,1,59,25,6209,3047
AGTATGCTGGAGACCA-1,1,58,26,6119,3098
GCGGCAAAGTATTGCC-1,1,59,27,6209,3150
GCGCAAATATATTCAA-1,1,58,28,6119,3201
GAAGAAACGATATTGT-1,1,59,29,6208,3253
GGACCTCTAGGCCGCC-1,1,58,30,6119,3304
AACAGCTGTGTGGCAA-1,1,59,31,6208,3356
TCGAATATCCCGCAGG-1,1,58,32,6118,3407
GCGACCCAACCATCTG-1,1,59,33,6208,3459
AGAGAAGGAGTACAAT-1,1,58,34,6118,3511
GGCTCCTCCACCTGTT-1,1,59,35,6207,3563
TCAGTGTATACGTCAT-1,1,58,36,6117,3614
ATTATTATGTCCGTCA-1,1,59,37,6207,3666
TTAGGTCATAACCGAC-1,1,58,38,6117,3717
AAGATGGCACCGGACC-1,1,59,39,6206,3769
CTACAAGAAATAACCC-1,1,58,40,6116,3820
ACTATTTCCGGGCCCA-1,1,59,41,6206,3872
TTGTTTCACATCCAGG-1,1,58,42,6116,3923
CGCTGTGTGGATGTTG-1,1,59,43,6205,3975
TCAACATAGCGCCCTA-1,1,58,44,6115,4026
GGCCGTTTGGGTTTCA-1,1,59,45,6205,4078
TACTCTTTCGTCTTCA-1,1,58,46,6115,4129
TTCGCGCGCCATACGA-1,1,59,47,6204,4181
CGGAAAGAATCAAACG-1,1,58,48,6114,4232
AGGCAGGGAGCGTACT-1,1,59,49,6204,4284
CCTTTAAGGGAGCACT-1,1,58,50,6114,4335
CGCCCAGCACGCCTAG-1,1,59,51,6203,4387
AGTATTTGGCACGACC-1,1,58,52,6113,4439
ACCCGTGTCATCAGTA-1,1,58,54,6113,4542
CAACTGCTCATCCGAT-1,1,59,55,6203,4594
CCGGAGCGTACTTTCT-1,1,58,56,6113,4645
TACCGTAGGTTAACTA-1,1,59,57,6202,4697
TGAGGAGTGCCAGCTT-1,1,58,58,6112,4748
CCAGTCTTGTCATAGA-1,1,59,59,6202,4800
GGGCAGAGCAATCGTT-1,1,58,60,6112,4851
TACCAAATAGCCCAGA-1,1,59,61,6201,4903
TACCTACTCCCAGTAT-1,1,58,62,6111,4954
TGTGAGACTAGCCCAA-1,1,59,63,6201,5006
ATACCTAACCAAGAAA-1,1,58,64,6111,5057
GTCGGGAAGCAGAAAC-1,1,59,65,6200,5109
AATTAACGGATTTCCA-1,1,58,66,6110,5160
GAACCCTCTGTGTTCT-1,1,59,67,6200,5212
ATATAAAGCGCTCGTG-1,1,58,68,6110,5263
CCTGGTCGAATGTGGG-1,1,59,69,6199,5315
CTAGGTTCGGACGTGA-1,1,58,70,6109,5367
TCGGGAGACAGCGTAC-1,1,59,71,6199,5419
CATAAGAAGCTTGGCT-1,1,58,72,6109,5470
AAGCACCCTGCGTATC-1,1,59,73,6198,5522
AGTTTGCACCTGCCTC-1,1,58,74,6108,5573
GACTGCAAATCGAGCT-1,1,59,75,6198,5625
GTGTATATCAGCGGGC-1,1,58,76,6108,5676
CTTCAACTCCACTTGG-1,1,59,77,6197,5728
ACTTACGCATCCACGC-1,1,58,78,6108,5779
CATGAGATGCACTCTC-1,1,59,79,6197,5831
GAGCACCTGTGTCCAG-1,1,58,80,6107,5882
CGCGACCGCGACAGAT-1,1,59,81,6197,5934
GTCCCGCGACGTTATG-1,1,58,82,6107,5985
GCAGTGTGGCTATAGG-1,1,59,83,6196,6037
ATACTGCCTTACACCG-1,1,58,84,6106,6088
TACAGAAACGGTGGGC-1,1,59,85,6196,6140
GGCGCGGAGATCTTTC-1,1,58,86,6106,6191
CGTTAATGTCCCGACG-1,1,59,87,6195,6243
GCTAACTGAAGTCTGA-1,1,58,88,6105,6295
AGTGATAACCTGCGCG-1,1,59,89,6195,6347
TATGATCTTCTCTTTA-1,1,58,90,6105,6398
ATATCGTTCCTCGAAC-1,1,58,92,6104,6501
CGGCGCCATCAATCCC-1,1,59,93,6194,6553
CCTGTTTGAAGACACG-1,1,58,94,6104,6604
GCCACTCAGAGCGCGA-1,1,59,95,6193,6656
TCGGCTTGTATCGACG-1,1,58,96,6103,6707
TAGATGGTTCCTTACT-1,1,59,97,6193,6759
ATCGTTAGCTAGCGGA-1,1,58,98,6103,6810
ACAGCGACATTCTCAT-1,1,59,99,6192,6862
ATTCAACCATTTAAGG-1,1,58,100,6103,6913
CACTCTTCTGCTAGCC-1,1,59,101,6192,6965
CTAACTGATAATCGCC-1,1,58,102,6102,7016
TGATGTCAATTAAGTG-1,1,59,103,6192,7068
CGCCGTTCAGCATAGT-1,1,58,104,6102,7119
ATACTACCCGTACCAC-1,1,59,105,6191,7171
CCACTGTTTGGATTAA-1,1,58,106,6101,7223
CTCGTCGAGGGCTCAT-1,1,60,18,6301,2687
ATCAATGCCGTGGCTG-1,1,61,19,6390,2738
GAAACATAGGAAACAG-1,1,60,20,6300,2790
CACCAGTCAGCATGCA-1,1,60,22,6300,2893
GAGCGCTGTTAGGTAA-1,1,61,23,6389,2945
CCCTATGTAGAGCAGA-1,1,60,24,6299,2996
GATCGCTATATCTCAG-1,1,61,25,6389,3048
AAGGGACTATGCATTC-1,1,60,26,6299,3099
CTCGGGTTCTCTGGCC-1,1,61,27,6388,3151
TATATATCGAGAAATG-1,1,60,28,6298,3202
ACCCGAGCGAAATTAC-1,1,61,29,6388,3254
TTGTTTCATTAGTCTA-1,1,60,30,6298,3305
ATGGGACCTGCTGAAC-1,1,61,31,6387,3357
TGCGACGGCCGAACGT-1,1,60,32,6297,3408
AGCTAACAAGCAATGT-1,1,61,33,6387,3460
CGTGTCTCGTTACGAC-1,1,60,34,6297,3511
CTAAATCCGGTGTACA-1,1,61,35,6386,3563
GAATAGTGCTCGATTA-1,1,60,36,6297,3615
AACAATACATTGTCGA-1,1,61,37,6386,3666
CACATCGTGCACGCGC-1,1,60,38,6296,3718
ACCGTGACCACGTGGG-1,1,61,39,6386,3770
CCCAATGAGATTTGCA-1,1,60,40,6296,3821
TCAGCAGTAGGCCCTG-1,1,61,41,6385,3873
CTACTCAAGGTATAGT-1,1,60,42,6295,3924
TAGTAGCTTATACCAG-1,1,61,43,6385,3976
ACGTTCGTTCAGGAAA-1,1,60,44,6295,4027
TTAGAATAAGGGTCGG-1,1,61,45,6384,4079
TTCTAGAAAGTCTTAT-1,1,60,46,6294,4130
CCTTCAGTTAAAGTGA-1,1,61,47,6384,4182
TAGCTAGTGATGATGG-1,1,60,48,6294,4233
AGCCCGGTAGCCTGTA-1,1,61,49,6383,4285
TACCTCAGTTGTCTGT-1,1,60,50,6293,4336
GACGGGTTGGCCCGTA-1,1,61,51,6383,4388
AAGACCCAACTGAACA-1,1,60,54,6292,4542
CATACACGGTTCCCAC-1,1,61,55,6382,4594
ACTACGCGTTAGAATT-1,1,60,56,6292,4646
CTTGGCCAAGCTGGGA-1,1,61,57,6381,4698
TTACCCTAGGGATTGG-1,1,60,58,6292,4749
TTCGCACTGTACGACA-1,1,61,59,6381,4801
TAGGTGTTCCACAGAT-1,1,60,60,6291,4852
GAAGCCTGCACATTCC-1,1,61,61,6381,4904
GGCTTTCAATAAGGGT-1,1,60,62,6291,4955
TCCAGGGTATATACGA-1,1,61,63,6380,5007
CTCGCCGAATGTAGGG-1,1,60,64,6290,5058
AGGAAGCTGTCCGCCG-1,1,61,65,6380,5110
GTCTCAAGGCCCGGCT-1,1,60,66,6290,5161
ACCGACACATCTCCCA-1,1,61,67,6379,5213
TATACGCGTCATCACT-1,1,60,68,6289,5264
ATCTGGGCTGTTCTTG-1,1,61,69,6379,5316
TCAAATTTGAGACTCA-1,1,60,70,6289,5367
GTTAAGGGTGCGATGT-1,1,61,71,6378,5419
AGCAAAGGCCGCTAGT-1,1,60,72,6288,5470
TTATAGGTAATTGTCT-1,1,61,73,6378,5522
TTGTGCAGCCACGTCA-1,1,60,74,6288,5574
ACGGACTCTCAAAGCG-1,1,61,75,6377,5626
ATGCTCTGGCGCGGTA-1,1,60,76,6287,5677
ATAATCTTGGAGAACC-1,1,61,77,6377,5729
CTCATTGCTCTAACAA-1,1,60,78,6287,5780
TAGGTGACGATAACCT-1,1,61,79,6376,5832
CGGATCCTCAAGGACT-1,1,60,80,6287,5883
GGGCGTGGTTTCCCAG-1,1,61,81,6376,5935
TGGCTATGTGACATAC-1,1,60,82,6286,5986
CTTAGTGTAGTAGCAT-1,1,61,83,6376,6038
GGATTGCTGTGACTCC-1,1,60,84,6286,6089
ACTTCCATGCGGGACA-1,1,61,85,6375,6141
ACTCAAGTGCAAGGCT-1,1,60,86,6285,6192
TTGAACGACGTGCTGA-1,1,60,88,6285,6295
CCGTAGGAAATCCCTG-1,1,60,96,6283,6708
GCCTCCGACAATTCAC-1,1,60,98,6282,6811
ACCCATTTGTCCCTCT-1,1,60,100,6282,6914
GGAAACTAAATGGGCC-1,1,60,102,6281,7017
CCGTAGGGTTGTTTAC-1,1,60,104,6281,7120
CGAATGAAGTCATTGC-1,1,62,20,6480,2790
AAGGGAACGACTGGCT-1,1,63,21,6569,2842
CGAATCTGCTCGACGC-1,1,62,22,6479,2894
ATCGTGGAAAGTCTGG-1,1,63,23,6569,2945
CCTATGGCTCCTAGTG-1,1,62,24,6479,2997
TGCTTAGAGAGAATGC-1,1,62,26,6478,3100
GATTGCTCCAGTTGCA-1,1,63,27,6568,3152
CGTGCTTCTACCTAAA-1,1,62,28,6478,3203
ACTCCAATATCATCAT-1,1,63,29,6567,3255
GCCGACCCACGACTGC-1,1,62,30,6477,3306
GAGGGTAGTAACAAAG-1,1,63,31,6567,3358
GGCCGAGACTCTGGTG-1,1,62,32,6477,3409
TATATAGGGCTTTACG-1,1,63,33,6566,3461
TGCCGGATGTACGAGC-1,1,62,34,6476,3512
AGGTAGATCGAGATAT-1,1,63,35,6566,3564
GATCAACATAAAGGGA-1,1,62,36,6476,3615
TAACAGCGTTTGTGCT-1,1,63,37,6565,3667
CTATAGGCGTTGATGT-1,1,62,38,6476,3718
GGTTTAATTACCATCG-1,1,63,39,6565,3770
CTCTTCTGGAAGTTAG-1,1,62,40,6475,3822
ATCTGACATGGAAGGA-1,1,63,41,6565,3873
TACGTACTAGTGCTGA-1,1,62,42,6475,3925
ATGACTATCAGCTGTG-1,1,63,43,6564,3977
CTTTGGGATTGTTGCA-1,1,62,44,6474,4028
AGACTGTTACCGGGTC-1,1,63,45,6564,4080
TCCTAACCGTCGGGCA-1,1,62,46,6474,4131
ACGCAAACTAATAGAT-1,1,63,47,6563,4183
AAGTGAGTCGGGTTTA-1,1,62,48,6473,4234
TAAAGCGGTATTTCCA-1,1,63,49,6563,4286
CTCCTCCAGCTCACAC-1,1,62,50,6473,4337
CGGTCCGTCGCAAGCC-1,1,63,51,6562,4389
TCCAATAAAGGCTACC-1,1,63,53,6562,4492
AAAGGCTACGGACCAT-1,1,62,54,6472,4543
CGTGACCAGTCCTCTG-1,1,63,55,6561,4595
GATCTGCTATCTAAGG-1,1,62,56,6471,4646
CGAATGACGCATAATG-1,1,63,57,6561,4698
GCTCAATGTAATACCG-1,1,62,58,6471,4750
CTATGCCCGAATGCAA-1,1,63,59,6560,4801
CACAGGGCCGTTGTCA-1,1,62,60,6470,4853
TCAATACGCCGTCATG-1,1,63,61,6560,4905
AGCGGACACTTCGTAG-1,1,62,62,6470,4956
ATACGTTATGCACGGA-1,1,63,63,6560,5008
GAGTAGATACTAGTTG-1,1,62,64,6470,5059
CCAGCTCGAACGCATT-1,1,63,65,6559,5111
TGCTTCCCAAGCAGTA-1,1,62,66,6469,5162
GTAGACACGCCTGACT-1,1,63,67,6559,5214
CTCACATTTACTAAAT-1,1,62,68,6469,5265
GAATGCGAATCGGTTC-1,1,63,69,6558,5317
TAAGGCCCGTCACCCT-1,1,62,70,6468,5368
GAGTATGCGCGTGCAT-1,1,63,71,6558,5420
ATCCACATCGACAGAA-1,1,62,72,6468,5471
TAGACGAAACGCCAAT-1,1,63,73,6557,5523
CAGCAGTCTGTGCTGC-1,1,62,74,6467,5574
CTCACTGTGATACTTA-1,1,63,75,6557,5626
TTAATTGCTTTGGGTG-1,1,62,76,6467,5677
GTAGTCTACGATATTG-1,1,63,77,6556,5729
TTGCCGCTTTCTAGTA-1,1,62,78,6466,5781
GAACCTTTAACGATCC-1,1,63,79,6556,5833
TGGACCAATCTAAGAT-1,1,62,80,6466,5884
AACCTCGCTTTAGCCC-1,1,62,82,6465,5987
CACAGAGACGAGGACG-1,1,64,20,6659,2791
GCACAAACCCTAGATG-1,1,65,21,6749,2843
ACTATGTCCAGCTGCC-1,1,64,22,6659,2894
AAGCCGCCGTGAAATC-1,1,65,23,6748,2946
ATGGGTGTATACCTCC-1,1,64,24,6658,2997
TAAGCGCGAATCAAAT-1,1,65,25,6748,3049
GAGCATCAACAACTTG-1,1,64,30,6657,3307
CATACGAACTAGCTGG-1,1,65,31,6746,3359
GGGAACGGTTTCAGAT-1,1,64,32,6656,3410
AGGGTGCCGTTCTTTA-1,1,65,33,6746,3462
ACGACTGGTCATACTC-1,1,64,34,6656,3513
GGATCTTACTGCCCTT-1,1,65,35,6745,3565
TACTCCTCTAGTTGAC-1,1,64,36,6655,3616
GTAGCTCCGGGAGGCT-1,1,65,37,6745,3668
GGACTCGTGAGTGGTC-1,1,64,38,6655,3719
GTAGTTCGAAGGCGAA-1,1,65,39,6744,3771
CTCAAACCACTGCCCG-1,1,64,40,6654,3822
GAGGGAGTCAGATCGC-1,1,65,41,6744,3874
GCGTCCCTAAGACATA-1,1,64,42,6654,3925
TCTCTTACCGCGAACC-1,1,65,43,6743,3977
GGCTACTATACACTCC-1,1,64,44,6654,4029
CGTTGCCCGCGTGGGA-1,1,65,45,6743,4080
TATAGAGTCGCTTGAA-1,1,64,46,6653,4132
ATGTTGTAGTCTGTTT-1,1,65,47,6743,4184
AGTATACACAGCGACA-1,1,64,48,6653,4235
TGTGGTTGCTAAAGCT-1,1,65,49,6742,4287
TGATTCCCGGTTACCT-1,1,64,50,6652,4338
CACTGACGATTGTGGA-1,1,65,51,6742,4390
AACATTGTGACTCGAG-1,1,64,52,6652,4441
GTCCAATATTTAGCCT-1,1,65,53,6741,4493
GCTCTTTCCGCTAGTG-1,1,64,54,6651,4544
GGGTCAGGAGCTAGAT-1,1,65,55,6741,4596
AGGTGGTGACCTTCGC-1,1,64,56,6651,4647
CCCGGGTCGTTCAGGG-1,1,65,57,6740,4699
AGCCAAGCTTTGTGTC-1,1,64,58,6650,4750
TGTGGCGGGCTTCTGG-1,1,65,59,6740,4802
CGAGGGTATCCAGGTG-1,1,64,60,6650,4853
CGTTCAGACCCGCGAA-1,1,65,61,6739,4905
TCATATGAGCTTTGTT-1,1,64,62,6649,4957
AGTTGACGGTCCTTGC-1,1,65,63,6739,5008
ATAATTAGCTAAGTAG-1,1,64,64,6649,5060
GGTCTTGAGCGCTCTT-1,1,65,65,6738,5112
CGTTGTCGGCAATTGA-1,1,64,66,6649,5163
TCTTGCTCCCGATACT-1,1,65,67,6738,5215
AGCAGAAGGAGAAAGA-1,1,64,68,6648,5266
GAAGCCACTGATTATG-1,1,65,69,6738,5318
TGCTCTTGAGAGTTTG-1,1,64,70,6648,5369
GACATCCGTCGAACTG-1,1,65,71,6737,5421
AGATATAATACGACTA-1,1,64,72,6647,5472
TCGCTACTGGCTTTGA-1,1,65,73,6737,5524
GTGACAGCTTCCCACT-1,1,64,74,6647,5575
GGGAAGACGGTCTGTC-1,1,64,76,6646,5678
GAAGGAGTCGAGTGCG-1,1,66,60,6829,4854
TGACCAAATCTTAAAC-1,1,66,62,6829,4957